claim_id,target
ID_4RO0KZI9BBW2,0
ID_GTE9ZUJ9GZ97,0
ID_RUVIYRKWZ4RG,0
ID_J81X8SWU6JYN,0
ID_94NM3JJAWWOQ,0
ID_TKCNGKSO1CMY,0
ID_T1HVS684BH5I,0
ID_T8UW9ST7U75S,0
ID_MPCPOYBXBDQ9,0
ID_PTR3D1Y4HKCO,0
ID_BC4UJTA1DJB7,0
ID_03JOAPPUJI6H,0
ID_6DA9F02OTHSO,0
ID_JY758RRZZVA5,0
ID_9FQJ4MQEN5H8,0
ID_KINUO4FIN53W,0
ID_0TWXLFK8X4EK,0
ID_I6OMG6AI9ILY,0
ID_RVMFMHHRW1NO,0
ID_UCZH0BOUHPLA,0
ID_8AFFKZSAYZZ7,0
ID_90JC4ZNT0OJ4,0
ID_KCGFWWUG3GRU,0
ID_GT5MHBR2CCZB,0
ID_Y73Z17TBVJH2,0
ID_9OPVG2YWFOHJ,0
ID_TAR4XMXNQ78T,0
ID_BOH67OUBV0XA,0
ID_XE0ZOYIEJT1L,0
ID_A26VR0IPQPYK,0
ID_5HK9WNZ8B2LB,0
ID_Y3ISOSIA9SXQ,0
ID_UR21G3FGN1W1,0
ID_UMY0EF1B711C,0
ID_RAI79W35GVL0,0
ID_R1XVA2NP0C2B,0
ID_GWH8NNO4VWA8,0
ID_L9DV4R1IIWAN,0
ID_LDS7X8U77NHH,0
ID_KVA90UYWBFBQ,0
ID_97O5TWK60K3I,0
ID_UZB1OAVL2SIL,0
ID_YTBRQ8M5FHUU,0
ID_HOY2QIKDDW1G,0
ID_KAFOD2UM81CF,0
ID_KXGO2CVPRRHM,0
ID_CITCPNZS8NGE,0
ID_2VML60NPZD9I,0
ID_IBBBVJTXD09L,0
ID_KDE9033V0GH6,0
ID_CHAV6L6ZSA9J,0
ID_RRMTZ0MLZIJQ,0
ID_ZXW6VOJI17P0,0
ID_AVX2HTUEJE88,0
ID_XALN4Y87TVFA,0
ID_7Q9XBGSX61H0,0
ID_DNRLZ1XI4SB8,0
ID_OL9E87L56NNA,0
ID_A5W8LFFIV6JL,0
ID_UKZ47XRMJLOK,0
ID_OR285DODEJ6V,0
ID_ITOLUWCQIRXT,0
ID_8DVQJCG9I1J5,0
ID_HR5G1CJHPKS7,0
ID_IGKYRHBR9LA8,0
ID_U49D9T6ZI6D2,0
ID_8WZD8J2M5VM4,0
ID_L11PTPIBEOUY,0
ID_AB6US7JBUFGA,0
ID_99BLGEXMLCM0,0
ID_HJX8S2IICQGK,0
ID_T2MQ13XD0BZH,0
ID_NGZ13S84K0SZ,0
ID_KQC61JPTBOWP,0
ID_LBUJS9N3CZLR,0
ID_GWEOWVWDJU49,0
ID_ARSJNVI9J3CD,0
ID_3WD3PW51IHIB,0
ID_9YU1OGVM07XT,0
ID_MZPV0UT4FXS0,0
ID_5SHCLLHGGTZM,0
ID_F8XAZJ6RA96K,0
ID_8RWMB2R4BG17,0
ID_ZQOXGQKTSQUZ,0
ID_GD1WHVT4SRZK,0
ID_ZCHG291XANNT,0
ID_DSODEGCFSOB0,0
ID_9QEMV2YYHWMX,0
ID_V3668U3YAR1G,0
ID_AYBG48UESVMW,0
ID_WG8IGLW118PX,0
ID_L51DQPGB1XWS,0
ID_1TLMI0UOIGAY,0
ID_OH1YCA7WAPON,0
ID_UWJ8767S834E,0
ID_JDQK94DGU4DW,0
ID_DQC0I18N384A,0
ID_QWX6P6619LBW,0
ID_SXN31W3BRU6F,0
ID_JLA4O9LPKRPY,0
ID_AW9JMF8YK0IQ,0
ID_QMBIEC5DUEP2,0
ID_SQK46ENZNN15,0
ID_8IOZ8AI9T08B,0
ID_DTIAQFOBLZ68,0
ID_3P6PTTTZLB1N,0
ID_AL9S4HDUCQNK,0
ID_B5YFPXNPSO0Z,0
ID_U8S58DFLXRW8,0
ID_14YI3TPJDAXW,0
ID_NORV1JV5N5H1,0
ID_FGMLDEQQ5VTL,0
ID_4JBM19CDP905,0
ID_UAYAPPFGU49T,0
ID_UJI9VQT64XLZ,0
ID_2UBFGZBG44Q8,0
ID_8MUB33JHGXD4,0
ID_WRV0TNP6H37M,0
ID_4FAMKR2RVPUY,0
ID_JGFAX1D1YTEU,0
ID_CSOJJ88XTSNW,0
ID_AEMWXY9SFACH,0
ID_J9TW7WI0RPVA,0
ID_FL5V6BDWYX7U,0
ID_QO0KME1Q35RY,0
ID_1WGY6RUVVO1R,0
ID_218429JI3ZSB,0
ID_SMTP4299GKWF,0
ID_QEFAPI8OLN40,0
ID_CT2EUXD5QITF,0
ID_FL4INJEVMO72,0
ID_6KV4BIXK209T,0
ID_0BVJGYNJ4QLY,0
ID_R32K8P0RV0Q6,0
ID_OW7A72CD2XPX,0
ID_QBD4L7F3OZXC,0
ID_WFPHNMS6I1HH,0
ID_0K90AA235634,0
ID_9NU4NR9GH2L3,0
ID_QF5W70OBUA88,0
ID_I19WSLI8RNDK,0
ID_1HRO07MFSMY1,0
ID_B11WB6U370G6,0
ID_TM5UDA4UIA1T,0
ID_LXRX7X6B1TTK,0
ID_MRM1S0PSPAGG,0
ID_8L1QQ6984DFA,0
ID_GAP51CTJVUTW,0
ID_N59IAC8EHSK9,0
ID_2ZKHTNPEJWTU,0
ID_ZX1LS90TPEAZ,0
ID_RQDX6394C0PV,0
ID_54EUEJ8100WY,0
ID_RHSRV6JR9S7W,0
ID_3ZWRK76JMSVR,0
ID_EKRFPZ95S834,0
ID_2MG3DCGQ2PUJ,0
ID_VHUH2SSSYB5W,0
ID_PC5NQCG23IDH,0
ID_KFCFCGPW0CRE,0
ID_FVTDS1V2UWJ0,0
ID_G8RW23CWM112,0
ID_HJR5FA5072SC,0
ID_BW1GB2A9Z0HY,0
ID_6KDP2IQMKUST,0
ID_5CODTBH35Y3R,0
ID_ZZJ9AVU1DNFI,0
ID_34LXG88RV0JT,0
ID_F5P1YJELLD9J,0
ID_LDVXTQADTBV3,0
ID_OR9IE5ZIKGIT,0
ID_M8WK536RMMTH,0
ID_6M6SN4BN8UEN,0
ID_3S7A7GQUTJHF,0
ID_JRL47ZEU8BYN,0
ID_7TJOH65FR8WX,0
ID_SQLIN9VD80BI,0
ID_0PCW0JLFX6VF,0
ID_DZFDAMLMSGKG,0
ID_S8X97I3XWZJ4,0
ID_RRD6N3457HL3,0
ID_5X0INM7NBJ25,0
ID_MYWZ6AHV0K1L,0
ID_B0IMQ69JUBGQ,0
ID_QLDNHB4ZENWX,0
ID_ZQ14OHI1RZ94,0
ID_BEFZSCEM2CD7,0
ID_FXQ7IAWFX274,0
ID_6Q10LZXW4ISE,0
ID_FCDO9HQGOXVG,0
ID_EQ9FPZAZV129,0
ID_D0KWWX60T6RV,0
ID_ZSR1N3ZPX3AI,0
ID_BS8MRUBL7MF7,0
ID_HCRYUBIK2K5Q,0
ID_CT42XCX98MA7,0
ID_5K2DPUP1VOJB,0
ID_EVLIZ8G3XIXE,0
ID_KRQ1EX6TDHCL,0
ID_1ZQ8O3XO586O,0
ID_DS0J81H8OPD4,0
ID_GPAKIF2HFH4C,0
ID_DJ6GI7VPLYZF,0
ID_12T47OAUSE78,0
ID_E5LORFQ54D85,0
ID_YTQ0LQPFIUDZ,0
ID_3IVF96ZALTJG,0
ID_UPF1OEOO36GJ,0
ID_S7OCME9R7M18,0
ID_WMMAU6LMOFPK,0
ID_CC9GUFUSFM02,0
ID_X7ZB7PXYHJPF,0
ID_YOQ2YQ2CSYF0,0
ID_BQ4EEWLYZ36X,0
ID_36IEX8K1Z9CM,0
ID_AFWTQ9DCPYEZ,0
ID_0MHCI9397ALZ,0
ID_LT5751RKPEFU,0
ID_BW0YLIYBB8AR,0
ID_B63X94UIC5K2,0
ID_X2XHACOZ9R9K,0
ID_L1ZPCXMIBS3V,0
ID_IQHK15YRIZBE,0
ID_3R7LF41CQXG9,0
ID_7LEFFFJS97NG,0
ID_685E88QWMX7J,0
ID_CSIAP4OPVU0J,0
ID_KGKXHYHCQTV6,0
ID_8Y4WD7T6YPEN,0
ID_BYQBEWA85XBV,0
ID_D80UNH3F0ZR6,0
ID_JTNPHVVLJT2S,0
ID_FJCC0JYKHUSG,0
ID_TAQ9BJLRMS0M,0
ID_YUA7G3AKEKUW,0
ID_AKK7323V5M9H,0
ID_C8K5D7GQASZ8,0
ID_G9K3S75RQOW7,0
ID_BSOAJEZACW0K,0
ID_VKWS1QA7G0WS,0
ID_IYEJX1L1VPOY,0
ID_KJGUXMIVEUHN,0
ID_JZGGGMW19W26,0
ID_XU0YX84YZHYF,0
ID_CD1IGKQKEQ33,0
ID_P0AGKUJ6YWEG,0
ID_ZHZXSU4EWYHZ,0
ID_C68773FQ821F,0
ID_YFH42FKYN6UE,0
ID_RFW7Z5EVU0RX,0
ID_TIQKIELDAV4R,0
ID_7B46Y9RKXUE8,0
ID_EH51AEQZKW9L,0
ID_UQT0HT079BJV,0
ID_YV1N0RPLZNUL,0
ID_TV7G9KKOQ3PM,0
ID_S4CO7S9R7A2U,0
ID_TOEZ3HXSGEU1,0
ID_C7ISZ53QACGI,0
ID_0IAMH1WMGKRK,0
ID_6TOFP1KM95FP,0
ID_ZOGYSBBJYJ3N,0
ID_VCS6J83V9BM6,0
ID_UNDJ2YLWNWXG,0
ID_M7TSEHK1LL34,0
ID_WULO8Y7FZRDF,0
ID_HZRR41RARN8X,0
ID_VBSWEUXFREFT,0
ID_6R886OS1WUVU,0
ID_7DG1FQB6W258,0
ID_NLAWKIV3XPDT,0
ID_2S03BM788M9X,0
ID_MG415EU7H1G7,0
ID_37L3Y83X8FKG,0
ID_1J91BS5G46QQ,0
ID_VCG3I2YRZFUB,0
ID_KGYNDTBBF99V,0
ID_GI3LR9KE4WIR,0
ID_8U6M9EYJJP6X,0
ID_4KLDG9CKOVD5,0
ID_32BSSL3O2OXJ,0
ID_KYDX9NOWNHHF,0
ID_T8FVRRL6EU80,0
ID_WV1VA966CLHF,0
ID_J39XTI1Y2IFF,0
ID_9VPOYHT8E11H,0
ID_E98K17P3QUKR,0
ID_U9LGY90FUHJT,0
ID_WW2HF4P7NZY9,0
ID_ADVJN6ZS1OVQ,0
ID_WL8XZCGAI5YG,0
ID_VJX8P9WESFXV,0
ID_ZAN7V9EXFDQ2,0
ID_CH8081DEDYKG,0
ID_89VZGFWJ1BBC,0
ID_7OC199TULELB,0
ID_P7V28NSCISNT,0
ID_PMR9ZL9AI01Y,0
ID_8FA3NS2TZJXC,0
ID_ESVYOWXVU2YB,0
ID_LMAXDHP1FMQL,0
ID_ZZTOPJK5TS54,0
ID_VAVQCPCYJFD7,0
ID_VTWV4ZO9MDAX,0
ID_0SN7YNR5KB09,0
ID_MA8Z95RJIFBK,0
ID_67H501CZ3WSL,0
ID_G34P2XGEIU4N,0
ID_3151QYNEV9QB,0
ID_DFDYLA6N2PKL,0
ID_O8RMJYIVM9RA,0
ID_SJD2XCIAPIYN,0
ID_FMQO2B3XCAWA,0
ID_CZ1BLDHLWJHX,0
ID_D8J84PCARRHT,0
ID_BXQ81CI2QKL9,0
ID_01W34DR9KKT1,0
ID_1TNCDKCSY3L6,0
ID_9F51Q2A95764,0
ID_SGV3ULWM0ENR,0
ID_213FCE16N0TM,0
ID_7MWEOU44XJR0,0
ID_EO634Q11XA4V,0
ID_75YYSQ58YRQA,0
ID_XDVVWQMGP7E4,0
ID_E41QAD3JCKJD,0
ID_03273XXYP38Q,0
ID_HC78W0YS8OW9,0
ID_XA7KJZ4E2955,0
ID_DCGJODFEVTXX,0
ID_3CBVKYKNW1FT,0
ID_ZKF255A8ESPA,0
ID_CK8IBFIMLU0K,0
ID_1R89F6YAFISG,0
ID_70V5A0IT5TWQ,0
ID_2EIF6K4TAJ5K,0
ID_EG8JEYMRAUW4,0
ID_0KUOT4OXL6CR,0
ID_DIN6DFI3WB8A,0
ID_8YPZK7JQRUR5,0
ID_QEG2C8NWAXDE,0
ID_L45M9GXGKWN0,0
ID_9KEWJL39WMDH,0
ID_UWXNKZDC1RPM,0
ID_4FMVI4ELP31X,0
ID_HN89SQSC74T2,0
ID_RJUFFK7MU9BZ,0
ID_8V6VSCCFRM61,0
ID_S3B3QT8O9JDV,0
ID_R8IPNVDN1EGX,0
ID_ZNAS4BAD7A5N,0
ID_KA5ESBFA0AI0,0
ID_GEWINW0P4JO5,0
ID_V57G0JZ8FQUO,0
ID_XGR74V0XY334,0
ID_ZCR0TFZ0KPU8,0
ID_8B2VFB8CIBAJ,0
ID_JG4HT38JBM3N,0
ID_9RKQKJ1B8BFI,0
ID_XK6O8TJZY663,0
ID_FRWNR5D6O1FD,0
ID_YRUPN19KCK6E,0
ID_DOHYYCO2PLMB,0
ID_2R66OR5XT80R,0
ID_GP8YH3N5T8G9,0
ID_HBU6HFETG2YO,0
ID_PVK769EY8A8J,0
ID_QBCN8L07JGLX,0
ID_8ET9ZYSAXQDT,0
ID_MOPW4WJ0Z1GX,0
ID_9FIXL09TRMV1,0
ID_4E1IJSTQTLQJ,0
ID_392NMYNXZ53S,0
ID_THBEOLJHQLNL,0
ID_HHXYRTCEG8MG,0
ID_YY3KCR9ITVMV,0
ID_9Y923ZFFPJQN,0
ID_WVWXDTJIV8R7,0
ID_JX9DQ8NPF54K,0
ID_EEOIF0T741CX,0
ID_D8QV5KG8YRFZ,0
ID_U7TNSDHA83X6,0
ID_7I22APJFOYPD,0
ID_H0QYCW9HJANB,0
ID_SVF2Z6G8G637,0
ID_5WIUMTDPH0OO,0
ID_POWEG1FT0J13,0
ID_HMLVFSCHKS3L,0
ID_O6N9ZJK1FACG,0
ID_TAO02GVZRVFN,0
ID_JIIBC4E1S4SW,0
ID_YY57N81KLAUX,0
ID_Z1E320RBT1TS,0
ID_P0I5K357IU0S,0
ID_NHTQH1IMF44R,0
ID_SKA05RY6JRL0,0
ID_VF2CYWLSQC1O,0
ID_AN7T6XD09ECZ,0
ID_OGQPZ1VY2ESL,0
ID_NP3YKYHANSRM,0
ID_E0G5WPLBPSZ2,0
ID_794VXGFSF8ER,0
ID_AN8DTFWXCMK3,0
ID_HBXMZA7L4G3F,0
ID_VDOE08F8SSXV,0
ID_UMF8MPW64B8F,0
ID_9PTCFLB602YY,0
ID_7L1W2BSWNWVM,0
ID_CIA85O437U86,0
ID_211P9D7NNCRG,0
ID_KGS1YTCS6ZT9,0
ID_8XV68T4S0VW5,0
ID_ZEX64CE99SVZ,0
ID_TGOQBFWKKPKG,0
ID_Z58SYRVGIACR,0
ID_NMHIWBTSJZQN,0
ID_WFVYPFEMAQF2,0
ID_VT2ZWMF83G6N,0
ID_WI1D4BBUIR4B,0
ID_KGZLWK34GX9D,0
ID_3MA8YXZTCKT2,0
ID_7ABU3KDAYDBY,0
ID_VBZTESZIZCEO,0
ID_3UA5IG4N83LP,0
ID_C6I44HK0RXDI,0
ID_GS7Q3UW43WIO,0
ID_TPDYRPM6A7D2,0
ID_6OHX8JN7JB3X,0
ID_TTK8I9PHKUA0,0
ID_FGEJ98HTD23H,0
ID_QNJUXTGEK7CF,0
ID_9KCIJ85N3B2X,0
ID_18LQKZBUF09C,0
ID_MBWR06IXJQUK,0
ID_C6W4R9JTLKTK,0
ID_ZCE95FW33LB7,0
ID_WNEDSHN8DSZR,0
ID_M1G6IPH6BQJW,0
ID_F0H7LTTLO1IJ,0
ID_BRS9M03IO8UK,0
ID_5UDO9F2TO3F9,0
ID_H0MP86YNQ1NS,0
ID_2NZGOJJED4OW,0
ID_THNEX8B5F9GR,0
ID_P6J0CMX6UDDU,0
ID_6B3RIZOF5QQI,0
ID_Y7LSKGNSUXR0,0
ID_YSYX8ZXI6GTJ,0
ID_WQE9L0TWWUH3,0
ID_MKSNN4TXJAAG,0
ID_QLZKP3UHQOBM,0
ID_KF9TO8JAP1XL,0
ID_41CCROA28WCT,0
ID_PX44U5A7D172,0
ID_F1ZBRIIPABK5,0
ID_NDQ56EADPM6T,0
ID_C726BF7ZWWPF,0
ID_GS1SFY83GP07,0
ID_UBNR4U7UYCUS,0
ID_MB1QG8FMQJFK,0
ID_D8QQDQBRKGRL,0
ID_5Q396H4ODDI3,0
ID_WKTM9VPXIRDW,0
ID_9HWQ9QWUYQFI,0
ID_N2BPM0WVYMUH,0
ID_3SZ213E7BZL0,0
ID_BO8VK3A5PL6P,0
ID_J49R9CZPNZXH,0
ID_HRIYVNW2PACX,0
ID_JKJVED8SE6R2,0
ID_34U124ZJFQK9,0
ID_2H6W46GNEKHI,0
ID_HYW8E1MUR6QH,0
ID_RMFBC7YU8W8C,0
ID_HEZU6ADL40WT,0
ID_JHBLJ871RH3O,0
ID_6XPLS8K9C09Y,0
ID_Q7FIKENS2B8O,0
ID_RHF0UU89HK6Y,0
ID_MRQ6D0YP8DYM,0
ID_V45AYEZNEVVC,0
ID_HV9L08AALVGU,0
ID_12I37GU04T0Z,0
ID_2E24PH5KAEYB,0
ID_JBIF6PY761DU,0
ID_TUZOEUPE0MCR,0
ID_RWJZNENPM8E0,0
ID_I6KHNRQH6MP7,0
ID_LTD76QGHF1PV,0
ID_9AN0TXBXRLAK,0
ID_BA5Z5G0EXGXD,0
ID_R6V01W0FNKDW,0
ID_AUXAAS4TXV12,0
ID_93TY8VZR42JK,0
ID_VDEDGMG9YCK5,0
ID_JY10QGQ9KSWU,0
ID_XGUOFRUBSRAG,0
ID_LJM2YG23KPID,0
ID_FNE16CQ0SMXC,0
ID_GI5SX5QB8QVG,0
ID_CQZEZBD84E8U,0
ID_TIZIUUU5CNZX,0
ID_EJJP6K6W8Q2C,0
ID_W3WUQ7L7P5NG,0
ID_8VYSMGRVFPOZ,0
ID_4242Y8TSRMK9,0
ID_XFUA33VPA3MJ,0
ID_GCICZ4EX3SBH,0
ID_L3GPXY80GF09,0
ID_0T0QB7UQOEFH,0
ID_1DOOO7S2CED8,0
ID_92LWUINRR7TW,0
ID_3R9IS1MOCH35,0
ID_1KDANGYO6QEQ,0
ID_TP884H61JSMD,0
ID_CVDU382QF9Q0,0
ID_ZPV7ARGUJTIA,0
ID_8C8TVOO4DMBE,0
ID_E4COPG2OXDHV,0
ID_ACEQ0FHP9QIX,0
ID_BFIOMVF6WZUU,0
ID_PXR1ZDSBTE3E,0
ID_D1H1IUF73AD9,0
ID_IQY0O532P1X8,0
ID_KK6NIF842ATE,0
ID_I6MYYR2K6R7C,0
ID_599H9IG17MTW,0
ID_WC0CMEJBATHC,0
ID_2V72OE8UZ3WX,0
ID_QSZT95GKPOA7,0
ID_6K22KKD1XVJT,0
ID_NYE3SZEULY36,0
ID_CU7LTFJMMLA6,0
ID_6IDV6RAA1284,0
ID_Y9U29838Z4GD,0
ID_6WWCLJ7H4F6A,0
ID_K4K6PUYEU24U,0
ID_PI6GYKWI6P0G,0
ID_SAQCGS6554LZ,0
ID_BVOAWUBC8XME,0
ID_TXK6T1OAADJA,0
ID_DRP9DSYBBKKJ,0
ID_49DKD6ALGKG8,0
ID_13UIZWUK2F48,0
ID_66DUWHT27FU8,0
ID_B5UM461WA6NE,0
ID_MWQF5JJHS408,0
ID_55RHE2VA1F9F,0
ID_GBXMJN954MQG,0
ID_7UR0YKDH55IG,0
ID_D73UIFH3CVYY,0
ID_0B96J5GMJCD3,0
ID_CQG3GGXCYJUB,0
ID_V3H777SVNIYK,0
ID_RPCVVZZDQTA1,0
ID_ZKHJPCDP3EAB,0
ID_VT6TERRDHH43,0
ID_0P7MDYG13JOX,0
ID_W3K6M3KBF35B,0
ID_IM5KITNJYERP,0
ID_KYN19S7B8DIH,0
ID_8BXIB7TZK3DW,0
ID_ENPPWZE8NEK4,0
ID_7Y6T3L44PS2D,0
ID_V3OS20N8R57S,0
ID_0ISG1TUCS1XX,0
ID_PP4K9QEQKQZY,0
ID_2LK7LUZIXDYB,0
ID_P64KF4VTMZDS,0
ID_UN9X1AKPK31F,0
ID_99BCUR29TWXG,0
ID_IWH9DXBIJ2H0,0
ID_BQA14YCPWB7L,0
ID_X46VLQ8VJQZI,0
ID_P326ZL1PHSPX,0
ID_Y4HMT0I9C6KP,0
ID_WJGMTN39YQWE,0
ID_KV9GXJXJXTLV,0
ID_51R9NHYUYN1X,0
ID_EWAIRUEUCV6D,0
ID_Q9QEMEAAMDE0,0
ID_8L0QJCNHE9ZF,0
ID_LJHIIYZB6PJU,0
ID_8Q1L9SYZG0RU,0
ID_SL1LFFPW1D91,0
ID_5E4UAMKJ4GBA,0
ID_8Z0TWHO288YQ,0
ID_H10EUKNJIY82,0
ID_42E10N9Q3F3K,0
ID_MAFX7WTD7NY0,0
ID_E1A0HSPCNHSL,0
ID_WEIAHRZHXSP5,0
ID_FUBJ9MXO0FA0,0
ID_JTZK5CP0OI2P,0
ID_B6ICSZC3O7P7,0
ID_1XUZTK75DZ3R,0
ID_KD8XRR3E45AQ,0
ID_I1QKJR9Y1L1O,0
ID_03JZDFTOWAX1,0
ID_16IYZXXCFIF7,0
ID_3GUHMGNZDUXT,0
ID_L78STIOQOBUJ,0
ID_UKX23KJ1T8CU,0
ID_KSY4ULWB8NCJ,0
ID_5WEAUSILOE8M,0
ID_N1TDPO44HQL3,0
ID_U1LF606NA8BY,0
ID_CCM2SFKLLSM3,0
ID_EG7F9O9DBHG7,0
ID_N36O0OS4ZPU9,0
ID_KJ0J42JFBKTC,0
ID_26B81FYIZE3G,0
ID_ACFZVISHI6CQ,0
ID_2G0754JQFL71,0
ID_FTYVXY8IF9UY,0
ID_I21B0DP0J989,0
ID_7VRJJFG57GO6,0
ID_H91IJ9VPQFDN,0
ID_HN98FVLBRY0X,0
ID_C5CCNBYEP11Y,0
ID_YF2I4ZLVZYED,0
ID_L4HJZVVL35CS,0
ID_QTEJLZ9ZRIOO,0
ID_1Y74IDZNUORT,0
ID_LMX4F7IYKZ1P,0
ID_OXGQGCC13RD9,0
ID_XYH64HMAFPPI,0
ID_T2TUHYK1I86L,0
ID_EQPWW5N1F9CC,0
ID_YSXRYQ2T37HM,0
ID_M189YPULMV42,0
ID_1DDKNLD80HM9,0
ID_9DMHS9Q4WXBM,0
ID_MEXZ3212SSAD,0
ID_G31JYIRL0Q80,0
ID_FOD730VN0O0L,0
ID_FD555A6AUGNT,0
ID_09TUILB84HS0,0
ID_BDQZCPILM54B,0
ID_ALDIR2WM3RWB,0
ID_2E21L1NRHT81,0
ID_NWOUQMCI8WPG,0
ID_YJR3EGYOY6XM,0
ID_BSPPOY9N8A4C,0
ID_YY10W5MAYTSF,0
ID_B5C6E5UFUK55,0
ID_Z4RDFP4HD8K9,0
ID_HL12HNPOY2AB,0
ID_3W8W0EEKFIZQ,0
ID_5UB53KR9GYXR,0
ID_BGALGUXM7AO1,0
ID_S31MDGCZMZV3,0
ID_KE2B8Y7C24M0,0
ID_9ACOYZ023TSK,0
ID_ZOXZR02I58LY,0
ID_WENS23PVTH3M,0
ID_2Y38UOG34RVO,0
ID_7L8KJ5JG31UB,0
ID_R2F0LAW7XT7V,0
ID_CELKQWR80MDX,0
ID_ZFLFSJ5GR9CN,0
ID_1JJKHKPG1GC7,0
ID_4OYTUB4M8DRM,0
ID_LWT5M9VH0O5H,0
ID_6DHLNYLBTKSG,0
ID_AP9ZP92XDUH6,0
ID_N7BKW3X6GMVS,0
ID_FCYI722LB2TB,0
ID_7F94LVWKS7VZ,0
ID_TWZJMEUCPZND,0
ID_DFFDZFBGLF1V,0
ID_ESL4JF85EMMW,0
ID_AVN7WH2TTP8L,0
ID_3KXO84JFTUMZ,0
ID_GOZH5YOJ7ID2,0
ID_X1YHI4KNVL6E,0
ID_NO2041MMO8AY,0
ID_ECHXE9JZOCER,0
ID_DR17GS7I16G0,0
ID_3XWJYKGHS2EE,0
ID_QSF8U2SBAATP,0
ID_ZCHQUVPAYX51,0
ID_GMBHIM9KBNIC,0
ID_E0LBMOVRJ875,0
ID_H3SD9K34M71B,0
ID_NBL6RT98W2SM,0
ID_HHZRCNJH2DLB,0
ID_3YPJBCEO9HWC,0
ID_T8L2QUO2B46L,0
ID_0Y0JSA2RV33O,0
ID_V0I8VF5BNQ7N,0
ID_CBDYDG8GI0GH,0
ID_PBJS1133M5F3,0
ID_8J0QNWPB73HX,0
ID_RXQEY8ZAE7FU,0
ID_G6H1FVWOKRQN,0
ID_Y44Z62PSDIZY,0
ID_O8N1Z03QP6EM,0
ID_OIFCYZF3ANJ0,0
ID_R6H4C3W1QUS9,0
ID_AXYIWAANSU8J,0
ID_S9IDIR5FU3QI,0
ID_Q0679DPQUHKW,0
ID_ULD5R3APE7GK,0
ID_2VOIXWV0R7N6,0
ID_QMH0OAMCIM20,0
ID_AJR9GA0WM8TA,0
ID_C0W14S65TPZD,0
ID_BFTVVGASLQRK,0
ID_UNYW0H3LHIR2,0
ID_L3I7H42GUZ9H,0
ID_KD80AOZAPSP0,0
ID_SQMXQP6T08JJ,0
ID_4BYV9RP3XDBB,0
ID_XKNHC2HRBDU3,0
ID_RNVETP6NU2NW,0
ID_M764HOVAG9AS,0
ID_UCTGIIKGZMAA,0
ID_IHQNJNPFFUNB,0
ID_P96Y9AAKSRWY,0
ID_BXZW3LGR9AV4,0
ID_GRU4IR4U5MF4,0
ID_Z9XQ935XCBKF,0
ID_BQM1FDOEYGKA,0
ID_92D9PD3FC2WX,0
ID_CK4EN0GNG9Z5,0
ID_74X5N9ATXLEJ,0
ID_JJS6OINUWYCB,0
ID_XUIIKBKE8J35,0
ID_1FPBQ2GL3ROM,0
ID_HX5E7E4LUPNH,0
ID_E4Z877FOC64D,0
ID_C7SF9AISYNC7,0
ID_KFBYADDPKO99,0
ID_6M48WYWM5JKL,0
ID_0IVAV2DWKADH,0
ID_6PKNCBP0GBGY,0
ID_75Z4JRQWCONK,0
ID_S7J9JQP4M5YF,0
ID_Z1I1DINRLEMA,0
ID_NT5J6DZ69U7L,0
ID_C0TAYBZV65UV,0
ID_9H31ZTE2I62Q,0
ID_1FYS4SRU0RQB,0
ID_GQSHV2ZFU0DM,0
ID_HTVF8BL4UVVS,0
ID_ZSOPY62ELRW3,0
ID_YEIKWX9ZIEKB,0
ID_G7O0209CMSZR,0
ID_5ZDR9XY77HHN,0
ID_QIEMPCI8SGF9,0
ID_9I4792BU124H,0
ID_XKY9AHTO3YXX,0
ID_8A68S044OBLG,0
ID_ANH66M9IB4KF,0
ID_V6MPZTEW4FIV,0
ID_YQF4IZ6C2TQ6,0
ID_5OYKL5XUS5OM,0
ID_6FATGLWD0P2V,0
ID_P0WUP102NODL,0
ID_KZMU8B6CHOS6,0
ID_5J3AT0GD0WQS,0
ID_JJNBCML00FO8,0
ID_V08HD0LO47E2,0
ID_X4Y3C5YGG2VM,0
ID_VPAQIQWYQIRH,0
ID_9DDQA9TWOPGU,0
ID_DT2JTZ7TYYAW,0
ID_52JJAFPKG227,0
ID_UN34MA88UXEO,0
ID_0V39F9NJHAYG,0
ID_E2SFIJGVGT5U,0
ID_IRUYAXLLWJX6,0
ID_94LW0MYV5U4I,0
ID_E5MGOB3DQU8K,0
ID_EPAY5JMYFBPU,0
ID_M6B025VB84KS,0
ID_N1J6QDKVWJJO,0
ID_PNBOAZU5ZSNZ,0
ID_4QL698SQUKBI,0
ID_EEF60GKU5LWT,0
ID_CSI17KHOVKE0,0
ID_UYKCHD4HCEVN,0
ID_3IXFSU3W46Q2,0
ID_IRX18U7EPUHP,0
ID_LHO6CEPTZ5XD,0
ID_AZ6R3LDONXR3,0
ID_TRHRKFISSQHV,0
ID_ZU0J2OJ62WD5,0
ID_CDQE9T8OHBH1,0
ID_1G8GQ7MBY4CG,0
ID_S7CLB0Z93F94,0
ID_WKCPWYTX51A7,0
ID_0GM9GEKNAN6Q,0
ID_AEXB1LCCRPBF,0
ID_ZDU7IJLRY0LK,0
ID_M1Q1NTI6ONJH,0
ID_NM1VTMDX1KB2,0
ID_ELSJ8F7EP07F,0
ID_D0F3E3C2L87T,0
ID_11R5QGR5H79Q,0
ID_QL19QHBI44GD,0
ID_Z4VDZ4UBQGPA,0
ID_QPU1UYR9RBTW,0
ID_C1WTEL8534XV,0
ID_SHI0CI51WHGS,0
ID_ZNAZYZLNMJ69,0
ID_HPSH9S2WTDXQ,0
ID_QNHNYMKVNUWN,0
ID_RJJJZNHJ08NW,0
ID_KFC7F17AITJQ,0
ID_FBZ6XC96WUCN,0
ID_6QQJ7G1W9VNT,0
ID_GDVU8ZGOJIJV,0
ID_BQRZJXRVNU4E,0
ID_9C2NWFHFYZVE,0
ID_BUU6IHM78IDS,0
ID_03LPYI4FYNY9,0
ID_2JVD67XXRJGS,0
ID_OYN7AHFQOXQT,0
ID_HFK0U2D79P0Q,0
ID_1YZMJIKMOSX3,0
ID_EIK9FUFD1T5E,0
ID_W0T4JIHB8JGX,0
ID_UZWQIVYSKH2E,0
ID_NVMJ4LDRTWCK,0
ID_M5VIJ8KB2US4,0
ID_Z9R6R2OAAY46,0
ID_KXDRORE8YH0N,0
ID_VGC5NSW321TD,0
ID_LDPV52FSFCBK,0
ID_J1IZ4UQXRH2P,0
ID_55JDMR6NCJUL,0
ID_DWAJ10O03304,0
ID_9GOWLRTZKWU7,0
ID_6E46N5WZ2RXA,0
ID_OHOM4G03BCFT,0
ID_DHF8P0OING2X,0
ID_QA7DCRSU57FC,0
ID_RWLE7LJFKBI5,0
ID_58WBJZ9QDBJY,0
ID_JO4ZSUJC7Q20,0
ID_NSRE00XEIX86,0
ID_BO6QLF0PHA73,0
ID_0KBK8GI4PNHP,0
ID_7OVX995433DW,0
ID_5OF2215VO7XX,0
ID_WXNJ0SLU29CF,0
ID_R28H2W9U0ZP1,0
ID_LPFLMYQR022K,0
ID_C8BEFUKD6L6Z,0
ID_FHQJTBYCBS1K,0
ID_7DTBWVHINFOV,0
ID_4YMMEDDONM2T,0
ID_GDCFK5CHL8MB,0
ID_Z0HOHDLX40XI,0
ID_LAT1RF1GFE3L,0
ID_PKBCBXPGRSWW,0
ID_T6EHAYU8QG7S,0
ID_YD3NI69Q6D6R,0
ID_USYQ0SUBUVXL,0
ID_LZL11B9H4GHH,0
ID_TKPRPBO5K1R9,0
ID_7GSL46YZSKF6,0
ID_WEG91X5QH076,0
ID_NNGDPBAQZ45Q,0
ID_TUH7BP70YEJZ,0
ID_EMG826KOS65X,0
ID_LCVAUA2JI5GK,0
ID_N49THUAV1LHT,0
ID_YKIRGYM3P3UY,0
ID_7ELGDET5X1GV,0
ID_MMTHI08FRB5X,0
ID_O3AHBM1OIP7N,0
ID_5XGPV312EUQO,0
ID_XVSNSPDYKL90,0
ID_5OQ4E4EUQLWL,0
ID_V3SBPFRCPUKP,0
ID_XDIRKTZCT2VT,0
ID_JJNA213LOOGV,0
ID_1ZGN4IJJ5ACZ,0
ID_R5TU7QN0CP46,0
ID_P5GKPUP4ALDB,0
ID_1RASN0VTLVH1,0
ID_CP88H9TGXOS5,0
ID_GIKGAQS1QT17,0
ID_4IL2AACZD338,0
ID_D53ZSM9IUZLQ,0
ID_1FG10KUC8LS2,0
ID_VEYLAFNS6KXR,0
ID_2JN03XF6QK9T,0
ID_SRZ8R5BW4LJ8,0
ID_EGLTA6GJUJIS,0
ID_V7JGASH6KB99,0
ID_BVV8SA84T5IL,0
ID_TWA0MUV9978R,0
ID_6OQOAM5YE2BP,0
ID_3Q3YL5LI7B6R,0
ID_IUUKZRL88PCV,0
ID_AP57BKLWTCCP,0
ID_WKEQNSEEOXH8,0
ID_GP6X00ZB2Z1S,0
ID_KDT1ZBR8M4M3,0
ID_IX6Q4MV6BIES,0
ID_VTNJQUYA6AX7,0
ID_SER93851R5HN,0
ID_6KP7GQYAYWMY,0
ID_5YOOXLGAXWMD,0
ID_0G1L9H294PNH,0
ID_ACCBXROR0D4H,0
ID_JKQOKT7QSQXP,0
ID_2WATX4DKGDXE,0
ID_KF1SQZMYPH6J,0
ID_CYDVHFMZSZ3B,0
ID_ZO6PJE8U17XQ,0
ID_9HSAC3JRD8PX,0
ID_UBOERK6RVFMS,0
ID_HEC9VU3SXBSS,0
ID_YS0KSKYASLNA,0
ID_OTBXPXGU1GMA,0
ID_CR6UBZZWTOHO,0
ID_TMG4ZJ3UHE2R,0
ID_OVIGC5PFVOAC,0
ID_NC9T8AJMZ1BA,0
ID_F8ZGEEGCCYCW,0
ID_BIGHGD6ZFF0I,0
ID_4SMS65QHDJWJ,0
ID_JGW5RSSIYXZX,0
ID_UC4RSQK2C4LI,0
ID_S4G7VU27QJUF,0
ID_OPZSYM6EVGIN,0
ID_HCG4YPP3GYU0,0
ID_ZCYY1XMVSUJO,0
ID_RCPAFQQOVL2S,0
ID_YC4WT8LJ4T92,0
ID_DP8Z1RTQOGFB,0
ID_B9E7C5IPPL8E,0
ID_MMVA7HYZ3VJZ,0
ID_ECTES22IX6DU,0
ID_GL8CAEI4UOI1,0
ID_I0F83Y5G2OHO,0
ID_PE11S41JSU28,0
ID_WGCX298K5FX4,0
ID_RHSARLW7OZ5C,0
ID_XU1PRNNTWTW4,0
ID_MCWA3NRSGX55,0
ID_48QSSZ88KZMG,0
ID_9RPYGGAHE0EX,0
ID_JFLHZZ7RKBRN,0
ID_NRK5PO9ZXQ60,0
ID_BIAFGIZ0SW1P,0
ID_NRCO2BV6DPAO,0
ID_1Z8GJHA9ACW8,0
ID_W4H0KA6CHAC6,0
ID_TWRZVJR5TGYX,0
ID_Y5MN7ZSZO9OX,0
ID_ULRYAP8TW5HM,0
ID_6G8ES7JNEQ9B,0
ID_3O1DYI2NTRYK,0
ID_JM9T2MTOXK9F,0
ID_LC5MWI0Y9YCA,0
ID_NQN9D4BGJTA6,0
ID_QWZG96VMLGV7,0
ID_BY9B9NNSMM3S,0
ID_C7WV2QKT8HXR,0
ID_OQKYWVCBJVCF,0
ID_7X0RGJ3ME52B,0
ID_JTORS4UFAST4,0
ID_PA0IWGBU6N7O,0
ID_QEHUQQ0HK3ZX,0
ID_GC66HDLE7IGJ,0
ID_TRKLGJX9X06N,0
ID_19SFT91PXBKA,0
ID_7SOIPX83JW4B,0
ID_3U241IH1MZFJ,0
ID_LI5V7W9WT61R,0
ID_TJUZRYMVUO9T,0
ID_14XT0E38L1CE,0
ID_FO20RIOQWPTL,0
ID_PV2P78OYMKA6,0
ID_RU20R0YD04HZ,0
ID_KTY1O5P8CUM6,0
ID_D7T0RCJM4TTQ,0
ID_X5RQS8YRQ2YH,0
ID_O6GV4YL5H2IY,0
ID_VF93NY2E9JFH,0
ID_MU6EWPJSZ27I,0
ID_V07YXBBLGQUM,0
ID_VDSZ4FTJ7L9H,0
ID_VDSUK7QUV4ZL,0
ID_G9K7L5DOXMRF,0
ID_X00UH3WKDCN2,0
ID_R7PCCAMXOTC7,0
ID_QS292E5E5UYT,0
ID_K0XTFFTXQTKL,0
ID_1NBC1PZKH9LX,0
ID_KUYJW8GXCOY1,0
ID_XX335OM03DZS,0
ID_4SFHH3VIMGAY,0
ID_K3TENYPBXL0S,0
ID_BO7MNUC73PRO,0
ID_1CJ4L7Y6S74D,0
ID_O7NV438NR5XN,0
ID_1355D1JW4QUM,0
ID_NLA4KVSPVU4V,0
ID_XIFTHVE4FA38,0
ID_367BIR0XRSOM,0
ID_4TN1XYO4XIQC,0
ID_CHHFB40DHPOI,0
ID_SCRDN0EKVS5Z,0
ID_RE9AHLGD3CJO,0
ID_ZREDNMUXY5D1,0
ID_QDP83G3RTLAO,0
ID_1F255YN1UZ62,0
ID_MDVY20C8FGD6,0
ID_S3D9JS5MA8SY,0
ID_CRU7A73CL47I,0
ID_6TJB03LZZ97L,0
ID_HIF5U5MK1T55,0
ID_WEXNRVK1SJ6O,0
ID_0A9WGMPHI1SO,0
ID_ZRC5R7PN9BII,0
ID_V3O6J6UXRJ68,0
ID_DEDK62OHPLX6,0
ID_DHGV9739A4Z8,0
ID_VXOBZIUKHNDV,0
ID_ZUQECE52MHV8,0
ID_6JDEUE41FSYX,0
ID_0OMPWRMOHK73,0
ID_YZZAJZ1Y9OYK,0
ID_Y5UM9XSUJWJN,0
ID_639Q132VZB6Q,0
ID_FXIPVG5WDL4G,0
ID_VK5H81R7PO0X,0
ID_QJP8LOSN4OBM,0
ID_FMH50UDDDN3T,0
ID_DNUF58DPDF7D,0
ID_BO29SFYT8LQ6,0
ID_46HCJFKV14ZL,0
ID_EUJRA5TR1536,0
ID_M0L52AWEA038,0
ID_T1E4EVWTVGXA,0
ID_1Q5TDC6M4Q21,0
ID_9UL22J023NDB,0
ID_PUJN1BYYQW42,0
ID_VJ5R5J0BQTS4,0
ID_5UW9CS5HP4MI,0
ID_ECZDZ6WK2AXJ,0
ID_ULCWZ386B2Q7,0
ID_VCZXQDWA7CY3,0
ID_34P52P71LGI5,0
ID_6R39J2W54URG,0
ID_RXZG7TI4LFY8,0
ID_OMYRTCUBAW4W,0
ID_46D258QXS4DR,0
ID_LYEJXVERUG6S,0
ID_BVT0034AXWGC,0
ID_L0Z71GKKJB0B,0
ID_QA8CUXHMV8SB,0
ID_61WQ5IX23PIQ,0
ID_LS8K5X4UFVB0,0
ID_U1GZ8M9THAM7,0
ID_6GALKP43NPIU,0
ID_1C070YM1U0F2,0
ID_7KMKLVS99H6X,0
ID_1C5K2BU5YMJA,0
ID_UCNWFV4LN6M9,0
ID_7Q2FE9QAL6SA,0
ID_MF69GXSHH69E,0
ID_9D29DN09F4V0,0
ID_5T5XX3XOVAXC,0
ID_Y89CAENT3QXD,0
ID_KCYMXT07F6JL,0
ID_UXUISBGP54QU,0
ID_T3TUHQB5CQAT,0
ID_68S6IT3ZW4JT,0
ID_PW0U7OT82D0L,0
ID_QAI6EF5GLRTX,0
ID_IWUYO4VTTTY1,0
ID_DGJR5PCBTLLN,0
ID_5ZMGWFCWT58U,0
ID_Y5TGAXCWPHJ5,0
ID_GK5QKJNLPQQI,0
ID_Q3EEM0VB7C7I,0
ID_1H71JN4RLEWA,0
ID_81KDG6WOO761,0
ID_SVATAIQTA3PE,0
ID_CAAVXGLYWLDR,0
ID_00QOM2TJET1U,0
ID_NU9W4CZ1BS16,0
ID_I5YS6ZLASPOH,0
ID_DVO9U2920UMY,0
ID_XQWIZZAM8FGI,0
ID_O1WRTGTBBQIE,0
ID_5BCDC48A6PI8,0
ID_H217Q2K5R9LD,0
ID_VBISH6T1PD4G,0
ID_FT6UF22DXOUB,0
ID_AALLGCL0OXQ6,0
ID_L4F0F9QT4DOP,0
ID_W59KQER07OU8,0
ID_A0Z07CHUWYAH,0
ID_47ZUNQWI1NBB,0
ID_8F8WXY1EU1ZL,0
ID_914C6XA46E3Z,0
ID_TVJLE3VPWSD1,0
ID_39WYRYO69A7Y,0
ID_MS2MLY4YQLVO,0
ID_CU1JLJXN9PIG,0
ID_2GV17H75S3BX,0
ID_VX8YUD0S45VU,0
ID_42H8EZXCHGOY,0
ID_I0FPVXD3K1UD,0
ID_CNSYLNB21FOR,0
ID_G6DE5K8QO9X6,0
ID_JRGQJ5745OFI,0
ID_O4UDXE65I95J,0
ID_JBXG583556E0,0
ID_3LNY363A3P83,0
ID_634TX0DCBKCD,0
ID_MFN6V0M60922,0
ID_VYS0BAS931OA,0
ID_Z1HWH6M2A1TH,0
ID_YV7O9O3XQTRD,0
ID_24DWTJ66K24H,0
ID_X9MMDAACP7WV,0
ID_J67PNI0OCM2F,0
ID_AK1K47QRZWQH,0
ID_AYRO1HXAL8LC,0
ID_1Q3D4KC7S7RF,0
ID_K7HKFTP82EC7,0
ID_EHN222O0U12F,0
ID_XG4VD7PZ9BNP,0
ID_RIVAD0TTTNR2,0
ID_O5K1UIU8J6L2,0
ID_6CHWN9TCY2GU,0
ID_OTK12WAN9VPN,0
ID_INMPEAT6ZT1A,0
ID_NZL1W974FCAW,0
ID_075TP37YMKSF,0
ID_M721HQ7CFEUK,0
ID_GJHX4CEYMU04,0
ID_EEVQ266ONWYV,0
ID_SBFGZVSWCG1T,0
ID_5MU2DP41UQ4F,0
ID_NZ1DGI7JOG28,0
ID_A1CA9U09CTJQ,0
ID_NWBM6Y77RT9T,0
ID_3MUXNN7P860M,0
ID_HC880OGLE8QI,0
ID_EE7AE1VHS9UZ,0
ID_PTF0N60Z2ESK,0
ID_8SHV32HQBIE4,0
ID_4EAA4SHQ43PR,0
ID_ZJID05O5WHPD,0
ID_JSFNDLRLJ7Y5,0
ID_FVA2TJJDRXJ3,0
ID_LDCAE2O4MZ54,0
ID_AFIYEOVFNNXZ,0
ID_U8D1SU5QKKME,0
ID_TOG0BV74YDGT,0
ID_1153XHQNDCTQ,0
ID_5O1SZKYRJ6QZ,0
ID_GW3BBDPFQQ8O,0
ID_ESX8RW939I34,0
ID_DBVR77QK09KO,0
ID_G5CV9GYFY8SW,0
ID_RKG3XVFXYV2Q,0
ID_KWJ72TYTW8HI,0
ID_VTT700S91JRD,0
ID_BZM4ODCM39QR,0
ID_ITQGYRAW9L5Q,0
ID_B067L03BG0QD,0
ID_C3LY9KRWNSR9,0
ID_N1K8VOHC29HP,0
ID_93IL90SQUNXN,0
ID_5ZGHAR1ILO3I,0
ID_A4GT4VU7R4WU,0
ID_T2E45AMQ4V2T,0
ID_80YA8Y8LOO42,0
ID_K8W4GO2OYT5K,0
ID_UHFKXJ3GD41W,0
ID_R3T9OLNL2CFH,0
ID_4PJTCKF76J2K,0
ID_DZQPQX7X5BBO,0
ID_JS28K1TF5HNX,0
ID_F5MQTUJVQ3O2,0
ID_MLX9LZIJCKJF,0
ID_D3ZBN0IMA7G8,0
ID_IY8U02WQPI59,0
ID_0FYKNJ433NY5,0
ID_NT42FYLBQ1NK,0
ID_72XRBGISVBI3,0
ID_035MX8ZH6W8V,0
ID_WRG0G4ORPVC4,0
ID_BRCJ4VWY5H79,0
ID_Q5V1BXUONZ7R,0
ID_7GRUHT6DSC3D,0
ID_T4C7MVIGC616,0
ID_Z23BI55QW7U9,0
ID_IP6L30PIR9BG,0
ID_9XEDBNEGO92Y,0
ID_C9FKXM0CBVBV,0
ID_NJ2CPXLUZ9AW,0
ID_IDXOZKICXRO0,0
ID_LN5C8PUN7J96,0
ID_1V0QALNP2SGY,0
ID_PLZHI0XACW6T,0
ID_WRUC5M6PLATP,0
ID_D3RNBCB5K060,0
ID_ST5E53A2RG4U,0
ID_6PDE9S8JBECY,0
ID_SRF7H5LNMESF,0
ID_HMISK143D3LF,0
ID_SGBPHZK0P9B9,0
ID_3K8A2CFIKLGJ,0
ID_CT303M5LG41O,0
ID_DYW7TZC7SI03,0
ID_9V6IHOBYOIWY,0
ID_0ITE2KGPUZA4,0
ID_MBHSE6RFJ5ZH,0
ID_38IJG4KXPASK,0
ID_4X724LJLIV1N,0
ID_75L6IZFN4YO0,0
ID_9EDH8UI3G0OK,0
ID_1U2AETTP1G8W,0
ID_H2RZUBAMGQL8,0
ID_SNFQRWL96HXI,0
ID_V0DKLDL4WBSS,0
ID_DRF71I9XB6J6,0
ID_7NAQDX89B6N4,0
ID_RBLJRXKWG0HM,0
ID_ZLTJUACN2EIA,0
ID_4NSR6CFLESWH,0
ID_SVJMBZB6CH32,0
ID_V1IPP30H23KH,0
ID_HI3LO05UI3YJ,0
ID_PIEXMSAWLD74,0
ID_VX8W885QE49D,0
ID_2GXMVUDZGSU4,0
ID_A8I18L05N17F,0
ID_WKZASXUYSIHY,0
ID_YR1SIVAESTBR,0
ID_RL3XMGYI9WR7,0
ID_T1KLIHA4P4RY,0
ID_D9V2ID7CF02R,0
ID_ROHZESS22FBC,0
ID_46LZZO6HEE6B,0
ID_CXRUDLZVH4AU,0
ID_LG1G7YNK6YX6,0
ID_2LQKLFTN904W,0
ID_15L3SB08ZSAW,0
ID_434RGTN0YIKB,0
ID_A0IZ0ABWO85S,0
ID_XO9ZF4URER6C,0
ID_S5FOA2OO7JGV,0
ID_SIN8OV0BILLI,0
ID_223VGUYERAU7,0
ID_NGVQEZMW7F4N,0
ID_NUILIMUBZ5A8,0
ID_E97W7UULB1J7,0
ID_4BEUK3UWQZ36,0
ID_B2JGF3Z5AWA7,0
ID_IV400WEE475P,0
ID_H61OSACWTZNV,0
ID_K30EAT9TOMWC,0
ID_JP09H8ZC75KM,0
ID_Z8TODRVZGDLO,0
ID_Q0A8998NO5RF,0
ID_1DSAK56PTXEE,0
ID_MW9KD6CES9MG,0
ID_T26DGOBC8Q8K,0
ID_N880ALXRYSC8,0
ID_IO816SHDQY0Q,0
ID_5MW60H6GNYSP,0
ID_LFN58AF3PG09,0
ID_1ZZOOF6VTZ83,0
ID_AQQSCIEX8RS4,0
ID_R0XKWW8K0KXS,0
ID_RX6NIKG8R5JK,0
ID_MXG4SESMDUFM,0
ID_Y8IRA9683IKI,0
ID_VXPVCSCGNWLJ,0
ID_0U77O7CMBFOM,0
ID_XI70YV4QW7G8,0
ID_O4ZIFQM9GUFX,0
ID_LMWV5J0NHA28,0
ID_5GIWXT70PLZH,0
ID_6NCWZ7QIPQVH,0
ID_8O7CNFT5FVGZ,0
ID_6SLIOPILCUSJ,0
ID_SKHWOJUM5LOJ,0
ID_2KP6P3SUXLCI,0
ID_YDRL50UOFJAH,0
ID_M8722VMKZJN6,0
ID_ZA6MZ8CZVYVG,0
ID_WQ659VKOXX9I,0
ID_M0D18V794MDE,0
ID_ASEYVG4PVXMN,0
ID_39PZHAUUXDXZ,0
ID_85ZPLEMQKOZR,0
ID_ICM7KDMI1PJK,0
ID_S4E6MIDCQXLB,0
ID_YX11M0D80Y8D,0
ID_8MINWM3SRVEK,0
ID_BGLONYYG9SZS,0
ID_10XI0GZSTY3X,0
ID_FO2735OZ8ZJ6,0
ID_BOX4E8R0EJZ8,0
ID_W4YWQOBNTYIZ,0
ID_CNSVRQFZ44ZW,0
ID_WND0PDOTRIP6,0
ID_CWPBV0EIYXNL,0
ID_9BA2RAP4694K,0
ID_8HCN89EG3E0F,0
ID_FB7LXY07M6EF,0
ID_17AHF1N38JTB,0
ID_4WNUG0HDCGHJ,0
ID_HSUAH3XI1YWP,0
ID_UEUV4F01XB80,0
ID_8F467M76GUHH,0
ID_66W22OFW2CTS,0
ID_KRRI49E5O63A,0
ID_B8V2UOTRIVA3,0
ID_IOG6SLII7UPU,0
ID_OWARUFYPS959,0
ID_HF0TL0ZMMR2G,0
ID_HF3E2PP3IGL0,0
ID_1M3JHS7RLPTS,0
ID_C1FWVL63A5EO,0
ID_FYSICQZ3XAVH,0
ID_9JM76ZAROTRO,0
ID_6LZ7930XFFTN,0
ID_UY27BYVG1E5R,0
ID_NCYDM4TBM3VL,0
ID_DEFBYOV5Y3TW,0
ID_5Y1RHX6SNAEF,0
ID_H15L48OBLCYF,0
ID_B1XPAFUQY1GZ,0
ID_NN58U8RI6210,0
ID_P78T4HY6AI7B,0
ID_3P8MBHUOTH5R,0
ID_ITMKRPE2NNLC,0
ID_0T7NOI5KZU2B,0
ID_GBR18BSGGJ0R,0
ID_4S236SGWL2OO,0
ID_09XCO58XN8GN,0
ID_VPD5H5RL6P5P,0
ID_Y6UQL1EYPBPA,0
ID_8KQZOAXJ3J5Q,0
ID_9ZNK6W8KMYG8,0
ID_6QVZ2ZFSME4V,0
ID_CEA3HDBKZ6E3,0
ID_OQ8ZK8RFHID0,0
ID_26MBTP4BO931,0
ID_CPGZAPYU420Y,0
ID_0HJP3EO7PNS7,0
ID_QOWNME85JFZZ,0
ID_82RD4Y6EW2OL,0
ID_QGKDXITGDD62,0
ID_26O5JLCIEC8Y,0
ID_58TPDTA53EUA,0
ID_RXNARRV5CVJ9,0
ID_NLBTU9R9UTUD,0
ID_L2QEE4HT4OQQ,0
ID_JWLGKTON4RFF,0
ID_OY22RULHIHXM,0
ID_HKC07HFVR1KM,0
ID_7ILM5TMC4CB5,0
ID_N7BTSTG2M61A,0
ID_WD9TZ4CSTY4F,0
ID_9ULRSATRCITZ,0
ID_I6H080FL9JZF,0
ID_L3A7EFUIWUTO,0
ID_3M4B4RKPUTRD,0
ID_JRYAVQCYNVDR,0
ID_X3FE986CJ4VZ,0
ID_RBW6A8MFU3ZL,0
ID_KKBPOFE9SMMG,0
ID_AFXU9R7ML84V,0
ID_Z31DAJRWHKKK,0
ID_4JX05XJ8B4GH,0
ID_NXBPXNDNLQ6N,0
ID_CAJWK7UAZCUE,0
ID_HRF9H7C2TFU8,0
ID_GE7W78T1C43C,0
ID_JLNE309YZMQH,0
ID_1Q7M49SLVYS4,0
ID_GEAWJFPI35LB,0
ID_R6JB4JQQWUKB,0
ID_SFTP6VQU7B30,0
ID_17T9QUFBNU9Q,0
ID_85TJPKOXLBLV,0
ID_DGLLD0RP7R67,0
ID_Q4447KO5IPPC,0
ID_0RAF5SREGTK7,0
ID_I75IB1RMMQKQ,0
ID_I27S51R8W8DZ,0
ID_FLWC5LA48OWQ,0
ID_Z8L6CAAZ64IF,0
ID_AL930V7J7ZC9,0
ID_C61YT898ETQE,0
ID_XC7PD7EY7HL0,0
ID_0DB27FDCVSGB,0
ID_NPGHKI7OM71Y,0
ID_K7GNCR41OZJ0,0
ID_C8KFIBUWKG0P,0
ID_ESMX68OW2CMM,0
ID_ZVRH6RHZHJPF,0
ID_YAMTOFWGVPXV,0
ID_U1UA4DIGPNIL,0
ID_69MHCDJNS50I,0
ID_AOVHL502CPR9,0
ID_CBNOC9HE6GES,0
ID_58YJZJ17IP22,0
ID_TCYSWLM6XL25,0
ID_RND0LGIKRT6H,0
ID_UK81K5UK4B7H,0
ID_A5K99EI8HYRA,0
ID_1Q9VUW1O9165,0
ID_QVJQ9O8RYMC2,0
ID_Y2JUEFAQN84Q,0
ID_8YTUJBB48DC7,0
ID_U697CYYXS83C,0
ID_R2BI640UYV2F,0
ID_HWWJJB4SLYHO,0
ID_SAHXJYR4J3FL,0
ID_1PFF0Y1U5G6F,0
ID_3CUDAC6L0QJV,0
ID_9UZODYQ2XBLM,0
ID_TUXIT4MCTMN0,0
ID_S1MVJDP6BSBO,0
ID_5VQ4EI5LUOJA,0
ID_GDPMO456MGCO,0
ID_ABWI35C48HO4,0
ID_N2OU70PQ967I,0
ID_YIBP1D48MNHN,0
ID_3F9W9GNSX367,0
ID_CGQ903VV5YFQ,0
ID_T30U7KWJQP2R,0
ID_8EII9YT88COK,0
ID_U0Q6UUDSSXJQ,0
ID_WZ8ALJ9II3OY,0
ID_78MCFUB97V1D,0
ID_L6HXBFY4456D,0
ID_NS9K5ZSFZSBS,0
ID_YTQ9REWMGFQX,0
ID_PC5P7DB29VI4,0
ID_3BUCX1X0DD4Z,0
ID_FD6VW59ID701,0
ID_WJ1J11S3X2SD,0
ID_6PGVLV5DHKF9,0
ID_UHKCUF20MZ7D,0
ID_NFGMHW5MQE4P,0
ID_799Q8UTLW4GZ,0
ID_MPN5CV9MEXYZ,0
ID_DBW8L01UBKYZ,0
ID_R6WGTOUHPBFQ,0
ID_9WCVXMP7D5AQ,0
ID_CUNGDOF8M59T,0
ID_P0CZ6JLIG7WZ,0
ID_FGLL6YOH1MBZ,0
ID_FVITXS7E3T25,0
ID_7XKT1DSR7GHC,0
ID_GIDT441FMU3C,0
ID_U2BHM6KZWQUG,0
ID_SQ74TBPE5B05,0
ID_TW7JDCHBCXPR,0
ID_E6FC7R827AYP,0
ID_VT72VVW4O04T,0
ID_TST8GIM9XZL1,0
ID_3ILP325UGKSN,0
ID_ATF6LT4DZUZA,0
ID_C8TBGSKAGRWM,0
ID_L1D0IISMW4BA,0
ID_GBY4NIED8ZCQ,0
ID_47BCAX9X1AIT,0
ID_82Q0JIQMO0MS,0
ID_DDTBFOIPXPK2,0
ID_GMXSSI2PFW5A,0
ID_RGWCP2B84GN6,0
ID_73Z8ZQYTQL2S,0
ID_THR5HSJSZUTV,0
ID_S9JIWZBHXHQ1,0
ID_L87YKBYYBHKO,0
ID_83J2F4NLJH9N,0
ID_J8Y80YN715TK,0
ID_7BV9SPAA6BOG,0
ID_CHZ61ATF904V,0
ID_45L9OIE0D3G1,0
ID_BLCDNGER60J3,0
ID_DR3VDWLQB166,0
ID_Y7MWWH3KPBNE,0
ID_9QZKELHXCZ4I,0
ID_F7NXWEFNKCD9,0
ID_JO0LVYCVQTX6,0
ID_YRLHEIELK74R,0
ID_C0N0J2T8UEON,0
ID_9Y0CL6QRXFY9,0
ID_E0177YKDQEYH,0
ID_0HS5U3AQC16K,0
ID_NODGLEBI4L0J,0
ID_VHNO0QEAHYJG,0
ID_LEE6QS0C2F8E,0
ID_RNS5LSGUWPNW,0
ID_K1X88GKBP7JG,0
ID_HV0W7M8WN0HY,0
ID_G0O9OR99DRVL,0
ID_BGZIX9107Z8T,0
ID_KJN25RG5DEYZ,0
ID_P00E4IW8X5V5,0
ID_HWV2RVZB8ONE,0
ID_IYDVYSMJ7QXO,0
ID_KXI0QI9KCYQD,0
ID_MM6SU5HERZZK,0
ID_CD9B4LD6XO9R,0
ID_P65X92484T3Y,0
ID_G865EVQRCXZM,0
ID_HRVQ5JTJFU0K,0
ID_7DOR1DZJ9G5M,0
ID_YMOS1JUI0VLU,0
ID_S5EM6MH41AAV,0
ID_ACHOGKFE20C9,0
ID_ZAQEW4I1EU48,0
ID_07KAF4HY6AJX,0
ID_SMAG7AU1V97R,0
ID_H6TTPSH93YUH,0
ID_NZ31RRJKP5PA,0
ID_GIUMV895ND15,0
ID_HK2CWIS8OS57,0
ID_4HYQBJSRX13A,0
ID_764HYN6ZPMC6,0
ID_BD21V5GKHV8F,0
ID_5C0CDGGYVOR4,0
ID_OYKIUPWOJTEQ,0
ID_QUXH0Z5MQAY0,0
ID_FGUVSV1GT7IE,0
ID_YJ6PIMKVQOIF,0
ID_C9DSG6BRLXWL,0
ID_PL5AEU6HF7EV,0
ID_62MWQWB6QJWX,0
ID_XGSJGMP01E17,0
ID_VT1B5BUF6HXM,0
ID_LCODEI2LLJG5,0
ID_9B9ASCXUQSBF,0
ID_31OGHTNKCXV0,0
ID_22FVL8OQ315M,0
ID_54QG12CDVU9J,0
ID_F1GFB9OI4OFX,0
ID_TN15L2JM58Q6,0
ID_1BQTAZG6KY8U,0
ID_Y3T3ODJM9KZ7,0
ID_KRH5YEM8GTAO,0
ID_WDR9EW86T4D4,0
ID_JSD9NRMKYRYY,0
ID_100R0KZTI72N,0
ID_FEKYM2V77EMV,0
ID_7T4F10ITXP2O,0
ID_GQ7QYKCIYCFZ,0
ID_P3242701GR6T,0
ID_4X7UGTO1A3FC,0
ID_0NXJ7A0MAJ29,0
ID_YQ45ARAZL4H7,0
ID_2P7GAAIR5GVL,0
ID_2VOLDBKVY0A0,0
ID_FB4WKLJOWCRH,0
ID_OJGXWXZ9QMOR,0
ID_T8Q6TIMWDQ24,0
ID_FWOVV2XS6YZZ,0
ID_A0LQE3PD3ACX,0
ID_EHR5YGM6Y2PD,0
ID_GTI33W0ILMUN,0
ID_TUUZYJTEAUK6,0
ID_AX2Y6EL22X9Z,0
ID_SG8PIJYF3CFY,0
ID_HRN8W3LBPG9J,0
ID_BHDXIWIUT7AP,0
ID_PQJF1FC83IBU,0
ID_TYA0A9KBUZM6,0
ID_M8IM26YJHROX,0
ID_UFKNLYK10NAR,0
ID_JPLUABC84EBS,0
ID_7QL15CRDU5QV,0
ID_TPMKGJQ1C7Y6,0
ID_H482UYXG2UEC,0
ID_FCXKQL8YQ5AM,0
ID_BNLZACPBULPZ,0
ID_4F1AJAX032W4,0
ID_30GQJBKUHUCZ,0
ID_IAM0YE6P9X3Y,0
ID_4PCKM61JY24G,0
ID_Q8LOR9CFSWJL,0
ID_DMOZVZGCFDXO,0
ID_N8QKMNA10Y2G,0
ID_WKITOXE7B0J1,0
ID_UJR7D3PW4MWP,0
ID_KKP206CFT7GV,0
ID_LLXAZ7SKYQYF,0
ID_HRIXQX6S5EL2,0
ID_9IW77KY6EBW8,0
ID_ZEL4MFNUYUC9,0
ID_81DJLFZ6X2QX,0
ID_D033U9FQCB63,0
ID_1GGX8FP940YN,0
ID_UNLRDU3MZWCQ,0
ID_03HZ4Y1WTOPZ,0
ID_IGX517HEASHO,0
ID_BXN9SE9VS6WQ,0
ID_259QQ70AIPPC,0
ID_3TC5YCK3S7SL,0
ID_OUFCABSHJYB6,0
ID_IXRQ8A0COPC1,0
ID_4QS8ZYDWV7JK,0
ID_SADDA93AKPCI,0
ID_V6HRO605UXU3,0
ID_PTNJ2XJBEK4V,0
ID_8KOTWX7I8IWY,0
ID_70CMQZAJ6ALA,0
ID_6FLZAD4M7YYT,0
ID_4S8VEPNQ596J,0
ID_CVG6QY99W7V6,0
ID_LKKILGKPVNLZ,0
ID_HUVKECNN6MMY,0
ID_RZS3HTFOUYUB,0
ID_TRYDATBISWVB,0
ID_2VQES685YZAI,0
ID_RWXKTF2DPRPF,0
ID_0MEKJ70T4GPR,0
ID_T79L0R0LYLXK,0
ID_PDJIZKSLL504,0
ID_EJWNFBVA0CG0,0
ID_ZU7BXWVKY75A,0
ID_F7KJZ0NF1WL3,0
ID_YHRRWY8XJHEE,0
ID_LUOH8PS1HWZ5,0
ID_KVD20U55TP24,0
ID_QL3BYZ28614C,0
ID_6FWXPHYJDXNW,0
ID_FCA2ZBS5BPPS,0
ID_TAA3IXR9TU4L,0
ID_6YLDDB2QOOF6,0
ID_1V7NZU58YPSI,0
ID_URP0WMPBNWF3,0
ID_FOVQC136F97B,0
ID_RBGZMR418IO1,0
ID_UNPIRNOZMVY0,0
ID_RW4LH30XOOUT,0
ID_Q1S2BYPZS38P,0
ID_GBNS9RGE4F47,0
ID_0CEYXLE1LKA8,0
ID_3RDTR6K7MTYU,0
ID_HSE36BQNGZOL,0
ID_CL0CA6LEVTO6,0
ID_SK17DG3K3VG9,0
ID_XXC0Y2EXYL4M,0
ID_XOXQXAQEFJ7L,0
ID_ZU02MRSSJN3K,0
ID_P48SZGWDEB5I,0
ID_QCNJKZTRH51F,0
ID_511EKQB98ULT,0
ID_J54008IBCJO2,0
ID_C3US9TK4Y4AM,0
ID_VP3NTM0NRVHW,0
ID_BK05IH9QPE89,0
ID_GNCO0QVXOVKC,0
ID_TC00I6CPCUUH,0
ID_LIO9ALNT2430,0
ID_23JJR09JXJGO,0
ID_DTOTUBYRAX0M,0
ID_T8Y0IZTDQLOB,0
ID_T6V7KCWBC1IW,0
ID_V76QEIBT2QUN,0
ID_E5Q9PWMYCX3D,0
ID_262S51HCXPOH,0
ID_G24CZ1KN07M5,0
ID_J3VOHCPWDDZN,0
ID_1ZP4J7ER83KM,0
ID_1OCSHR2BRC94,0
ID_6INYQ7KS54A2,0
ID_XZH9HMHJ4JR8,0
ID_BIHN7I9XCCVK,0
ID_IKFBMDIOHVV5,0
ID_22QN8M4MARSE,0
ID_KMSCZZLR2X6G,0
ID_BX5FX3X7TWT2,0
ID_DW8LJ2YD0BD5,0
ID_9NTNPRJZJ47F,0
ID_NV1337HNQROX,0
ID_J5ZI486ST421,0
ID_UYH4QO2XWFFI,0
ID_CJ1ZNPWDIZY0,0
ID_M0XFP4Q0A8BF,0
ID_S7YREN1RMCAL,0
ID_1Z2WDCYFEHCT,0
ID_AW5VWPF1M92Z,0
ID_FHUA7I9CVFWZ,0
ID_6WNKWNTB26T8,0
ID_USDCRCN0W68L,0
ID_WS0HDGVE9T26,0
ID_03ACX1UR83NA,0
ID_WO6XP9NILHI1,0
ID_PCA021P5FMDO,0
ID_KT1NG922U2SJ,0
ID_JRP3WBJI5UII,0
ID_L1B71UQ546R4,0
ID_WM1DDPGMO1UE,0
ID_SMCWG9ZP09JR,0
ID_2Y2600444BIB,0
ID_C3RSQIOBG64A,0
ID_1USKPXD6BJ89,0
ID_T25U6SDHWADK,0
ID_J4QFF9L2U672,0
ID_HIUEUXCXJMMK,0
ID_9FS0F9C5K71K,0
ID_K7NNPRH00OBO,0
ID_8BDEOE5NS9X0,0
ID_PDR1YLNDUDC0,0
ID_JJ5OZHLQE3H6,0
ID_SP7UM57JPQJK,0
ID_1M608207MHJK,0
ID_JVNJ1LH9G1CU,0
ID_XBJ6OF4BGW6X,0
ID_0IAJE10X3SGX,0
ID_DRSBJO4DUBZ7,0
ID_5OOXC5AE8FR5,0
ID_DQLO9TQYXBXU,0
ID_TLU7YMLCOP8Y,0
ID_A9VY9E9N9KLK,0
ID_5G05MQHG4BCI,0
ID_0OVRT78YVCU3,0
ID_O1EG0B0LY1ES,0
ID_8Y59Z8SI2SJR,0
ID_MLHO6FCDESWU,0
ID_458OYAFS1B12,0
ID_V7L1AY55WPUH,0
ID_VBEF85KYC56M,0
ID_J8E07CGDV1GY,0
ID_UUS6BTJMV70R,0
ID_8Q79S78IQAAR,0
ID_FX5NK7DKYPBH,0
ID_L8FW3YK6A6Q3,0
ID_I0CQYAW6QVV1,0
ID_RBVZXTTIDOU9,0
ID_X2WJC1C2PK0B,0
ID_X0PPY4RDFVH9,0
ID_9FHXYJB8IEZB,0
ID_011B1NYB9F2A,0
ID_WZ4H3N6JYYCA,0
ID_9DN6LGLGCBDW,0
ID_LE4CF38FPSH1,0
ID_7P8T2SERKW6G,0
ID_M73MWN2E57CB,0
ID_ZPPBRLSP6UOE,0
ID_S04NGOI5HRVA,0
ID_ZMIPORLYM2FN,0
ID_ELNKU2I7YQWX,0
ID_BG76Z53N92X4,0
ID_AF45LCSPMT4E,0
ID_FZ0I4FF3C2EK,0
ID_TFE2RTEGYXW4,0
ID_J00VHPG7D2JQ,0
ID_RYGXE9R74LOR,0
ID_NW1PVR4QEOSA,0
ID_Y3RNDLSOQPDE,0
ID_YZPETHU0QWWT,0
ID_2EEE7PHS7VDS,0
ID_JMX18UERHE9Q,0
ID_Z5V39SXWVMTT,0
ID_VI6ZJBAU51CO,0
ID_7RHTZA6QL7SM,0
ID_65PCHP2ZIXWC,0
ID_9PJJPFM4WQM6,0
ID_ROFHB0C0RLNR,0
ID_XR0W3BPHG1MY,0
ID_47NBCPSOEIV7,0
ID_SECZSF8U4J17,0
ID_2LVK9DXAFR8B,0
ID_G650VRL7VVYM,0
ID_YJP4LQ23IJIC,0
ID_X3OJWLTLVY49,0
ID_5OPMFTZYIYIM,0
ID_M3Z6J5124I65,0
ID_A00C4POLUJL3,0
ID_RZRLOW02EBMP,0
ID_9C8TZE2IDB6R,0
ID_DC175874UCQ9,0
ID_L4PZTWV433TN,0
ID_ZO1MI9AEU5P7,0
ID_HCLYTZIUKTNX,0
ID_EE9PNKF0TK9M,0
ID_6J0EVBGX8SBK,0
ID_8KKS8DMCR7T0,0
ID_I3NTT6UL816V,0
ID_2XWZ1M184QIY,0
ID_89OZCKQWM3R4,0
ID_LKRDIUHJAKAK,0
ID_DBUXKDX4VCJC,0
ID_9FN40UOBTMSV,0
ID_X44VNEN3D5XZ,0
ID_W18B5HDSGX20,0
ID_RSG9GIVQYKQK,0
ID_3Z9R7RASF9RM,0
ID_LPNEKV0DT77Y,0
ID_RZX96GF29JXD,0
ID_25RBPAX1WRB2,0
ID_5BYG9ENFMFGC,0
ID_DKZTFKD7ATPI,0
ID_O58FS3C94PY6,0
ID_OO8ZFWRKZCOQ,0
ID_MUD7GV6F3TSF,0
ID_LCXINVXAGEBS,0
ID_OVIMDBQML107,0
ID_K1NELTB29V6M,0
ID_J0C3KOPB5QXJ,0
ID_ONHEY82JVDZZ,0
ID_0QAA790IGRVT,0
ID_8RXFCX6ITBFI,0
ID_EVZ3GMNF0JW1,0
ID_TKMNU9LM7NTD,0
ID_XD057Q26C23N,0
ID_4B1YC580F1EL,0
ID_RLVWB2PVIDPC,0
ID_IKA9OJWSZMF7,0
ID_9CVG3KO1GQ90,0
ID_BC8VPEPRU2JG,0
ID_B7L9S441NK7X,0
ID_EF67FWN705EA,0
ID_RNIL8HI55PX6,0
ID_E0Q544ZUVCQP,0
ID_GO1XQZ6PV0L6,0
ID_FUWXL8L0OVQ9,0
ID_MCX5W5CG7SZI,0
ID_NB6569PR6ZXI,0
ID_B5H7XT0Y4HBH,0
ID_BSWOMZ9F5YHI,0
ID_O2QGQNS2QWRZ,0
ID_T2J2Y6NNG66D,0
ID_51DX1W44GT40,0
ID_WYN4P0PLR236,0
ID_ASFXT80E7ED9,0
ID_Y18K1HIGT2QL,0
ID_RJY3JHQK85R0,0
ID_ZM7CKYX0978W,0
ID_ZDN1F5ST96BC,0
ID_GCIJWP0M1IWD,0
ID_882A9OUQQDCX,0
ID_F44DIVDVQ0OO,0
ID_L4WGVN7PJUIK,0
ID_LPKVGHRUOL7J,0
ID_V19TG5X7UPJ3,0
ID_I43SLJUH4H07,0
ID_8RRY1KCY9CP9,0
ID_LNZ36OH6SIKV,0
ID_E9DH9VNQYF5Z,0
ID_XOXNZK4S8U5O,0
ID_3EC6O4EC3LU0,0
ID_ICW59VMCUU1D,0
ID_QZNN2PPW27CE,0
ID_IDRPWECRQOXK,0
ID_Z4PB5P2OQMKB,0
ID_I15J8MDFP2I4,0
ID_UWB9M5FDLF0Y,0
ID_UR7I5L1IM986,0
ID_LZXY00NVJJ2K,0
ID_MZN2EWLV721K,0
ID_X00A6GVOOLFP,0
ID_4GEFUYQGCDVD,0
ID_4OM3EXSPBYCN,0
ID_78AFUHSYECPU,0
ID_C88F9ZGDZNBR,0
ID_3KZIGLO4RBVE,0
ID_OKNBAL9GK1BJ,0
ID_OBFZCKH6LLAD,0
ID_XSDER00LBEH8,0
ID_BLOWPBNMFW04,0
ID_T3LYYY5EDJ5B,0
ID_8VZ1SF6C8EGF,0
ID_Z4VZKA85F7AP,0
ID_BRZ83ZJJQ33R,0
ID_58VQ4VRWMVXQ,0
ID_D41NVO30RL9U,0
ID_0DRUOTLLPN9O,0
ID_RE2O2JUX3AVK,0
ID_WCHT92H9X6SQ,0
ID_0ORILPIPM9PJ,0
ID_D7ZA28TSLT9G,0
ID_OLU25NNWSFDZ,0
ID_Q8SWOLSP0K45,0
ID_2TDSV9A7AWJ5,0
ID_XQBL8WM6KIH0,0
ID_5VMK43IXKO7A,0
ID_TOVGUGCDCWDP,0
ID_66HP7WIEUQRF,0
ID_34MIM9GF2J41,0
ID_TAQLWSKF517P,0
ID_D93LCCA50PS1,0
ID_EX9NH4RSOOK3,0
ID_LO5BQVYGZSEI,0
ID_P0Y2036BWPBH,0
ID_N7B8T5MQ1UAU,0
ID_YZBETSYRAYTF,0
ID_32LQ2D04VPJ9,0
ID_HWMUSDCTWA4V,0
ID_7UKSCKNKPKX0,0
ID_Y50BRJ08D1OR,0
ID_OZJDGGXJWYMR,0
ID_OMV2PYH6TRW5,0
ID_YNM1B6IC9R91,0
ID_G965ASC53DRO,0
ID_3609R25VJW16,0
ID_ZSQCKSA3Z8QQ,0
ID_YKQJXTCXYH2N,0
ID_KBCKZAEAJG7U,0
ID_CS1O79501OSL,0
ID_LVHKQEMSE6FW,0
ID_CS4IW1HHGEFN,0
ID_CR7UYZLZ3QPC,0
ID_83I174MECMM9,0
ID_XE41FVLRAIJ3,0
ID_6G25APF8BN96,0
ID_LQNWNH00QWXG,0
ID_WKINP7F2JI6Z,0
ID_Z0S8R8XS2CEL,0
ID_LRB0AA8PFVS9,0
ID_JT34K2T42PWB,0
ID_MYWRKMWOFVVL,0
ID_AMX3VPW68EWC,0
ID_LS8HXQIN7SYN,0
ID_FW205G6UOQLD,0
ID_H4PF7IC2KKBI,0
ID_97X6F3J7P3XJ,0
ID_1G9W5LNQWMJ3,0
ID_5447BK8ZB7JJ,0
ID_1ZQBXAS28OLA,0
ID_5V83ONKSHZDH,0
ID_RJOYQIMH66NR,0
ID_8E2OD1MJDDS2,0
ID_MIEU83J0BIJQ,0
ID_M4E45GCX8TPA,0
ID_QUZUF2T38IXJ,0
ID_TNDZKGR5YBE4,0
ID_DETYDAIQGFQ8,0
ID_EWO8E8O5IRYS,0
ID_N8CZJJSXOAO3,0
ID_1PZ5L8ZIENGU,0
ID_TLSST8RSHLF9,0
ID_FPJZR538MN1Z,0
ID_V3S4X6YIHPAM,0
ID_R46TKO3ZOBB5,0
ID_J1QSB0LUX1GI,0
ID_V8GR3A5BMSLW,0
ID_4F0I9PUAIVHC,0
ID_IW7TGSKIJ8R3,0
ID_25PGEUFBRSQ6,0
ID_OERTYU0XE7VH,0
ID_KW9V809530MG,0
ID_0HMQGBZB2ZM8,0
ID_4L1TKOQCSOXM,0
ID_8894IUP1ZIVA,0
ID_69UJ10KLMI7N,0
ID_YZNBTYEA7Y6E,0
ID_TXLKXWCAARWX,0
ID_7TXP1QNH7M31,0
ID_HEOB1DNNP1D9,0
ID_MWCZWRZ4VFZD,0
ID_YPVRND1DO1KR,0
ID_1SR7PKIMPNC4,0
ID_J0Q86JSBGUKF,0
ID_MUU7W03GKSVB,0
ID_AF6OPLFW9DUL,0
ID_H0J2ISA66QCA,0
ID_0LIRNCNCJO7X,0
ID_Q487MEEHDQ62,0
ID_OHDO6SF79NAT,0
ID_8PE3PAZXI1M1,0
ID_MI1JMDCGDIXA,0
ID_L3XEHTB14I4I,0
ID_WXFW70QGH7A0,0
ID_6UN2WKAHCFA5,0
ID_PCXGQQUZ1C4L,0
ID_ALT7FQXETFJ5,0
ID_LS0WXE3D925G,0
ID_MA5WVPEX4ICE,0
ID_4A2OFLOTDIJ0,0
ID_LKR5MNC18F9A,0
ID_8E80B1ZNGKH9,0
ID_782X8G7CXVPY,0
ID_WDXM642YKMUJ,0
ID_3UUOGTKUQZ3T,0
ID_HM83UWAWYMEU,0
ID_R8QW29BQ7UMT,0
ID_P7CZJ06ICDSF,0
ID_KZRCD1RMFA8S,0
ID_Q472O5RYM30Q,0
ID_49QUH9D8UC0C,0
ID_Y953H8MXTPB0,0
ID_OH09MWW5CNJ9,0
ID_KULXXTQUTIOB,0
ID_679V82X5E1KB,0
ID_MBSJQ0ED8XCF,0
ID_T3RIKBZMXX04,0
ID_204EJK79YDQ4,0
ID_91WEI4SILAVV,0
ID_010SAWKNKMJF,0
ID_1YW9Z3Q86DT3,0
ID_ZJ73MV1TWMXO,0
ID_MVM4ZR9CQO33,0
ID_0AOEDDRCWTCR,0
ID_HC99ADPMUCIS,0
ID_T7A4TISTFS80,0
ID_20L84WE0NK94,0
ID_0UYZQP5BUKHK,0
ID_HUP9EA19GQD4,0
ID_2PZ1KH89UDC8,0
ID_21FPKO6GYM7W,0
ID_DOFPT7FKB5DI,0
ID_T2SC2XYLKN8D,0
ID_PRTDPGFFZ6CP,0
ID_27VKP5OE4138,0
ID_NU5MZ0KM09OL,0
ID_XFV7M3DMNVP9,0
ID_LD9MG0DW1YM4,0
ID_GHZP3VU8YMSP,0
ID_1HP0Y3GO9Z91,0
ID_3EVAQWBLBJWO,0
ID_CLD2MHQZTFBP,0
ID_2Q4X53PSF5G1,0
ID_OBA0IAZNTUGT,0
ID_BU9GXV72DYHA,0
ID_HOW2I7WBWMK0,0
ID_6F3K9EUJ9ZS1,0
ID_Z631VIFUBU1F,0
ID_T4MQ17SSB5VW,0
ID_K1H23N3MS6BV,0
ID_9IIMXKKYOHG4,0
ID_JBZISFA0HA2L,0
ID_M8BJORHUS7XR,0
ID_Z8J4WT5YPUAS,0
ID_6AY4TAE4QGGG,0
ID_0SEX72P2MWZC,0
ID_OCYCCO3QQL85,0
ID_M5LE8MVN23VU,0
ID_K8CCC8251YUK,0
ID_IJMDXO6NHPVZ,0
ID_M0VINBJ9BLXS,0
ID_0KLSY4UNUX5Z,0
ID_JW5HJ8HIYQ9F,0
ID_LJ10BTO8UV1V,0
ID_7OF32P4TG8C4,0
ID_S31MYPJHX1HN,0
ID_2GJZ94IMCE38,0
ID_EWI17V7PLAIJ,0
ID_ZWYAFTH9BADB,0
ID_VL5W96F8DGWG,0
ID_746MJWR7T0W4,0
ID_6ILMCBA9RVO9,0
ID_N4LYYDAQOZIW,0
ID_EKTPKJI603IU,0
ID_KK80WS11LLS9,0
ID_LNGS9DSCRIIG,0
ID_U6BXJ2NCV54K,0
ID_U0WOSDXK8IQO,0
ID_AOFMM2R6UAA2,0
ID_SZ4QGGV3HT0U,0
ID_GITI3N0OZPPY,0
ID_D2HXRTNDPIJT,0
ID_GIAGGZC8R8JF,0
ID_3OQEY4VDAD11,0
ID_D6WD4BALKN53,0
ID_5FI66MK5Y7VD,0
ID_NXJWQVOS4SAC,0
ID_0UFCYIL7VOIR,0
ID_KYWYQX1TXVFN,0
ID_BFTW2ZTZ9RQ7,0
ID_9FGY1RBDHDY2,0
ID_LWU8L7AFJFQ9,0
ID_PTNCFAHIEJLJ,0
ID_KF635YT4ZR47,0
ID_Z8WPQ07HUY2H,0
ID_FCVOKU8TFKMC,0
ID_Q54UR8Q87BPA,0
ID_R31GJ96F4AIS,0
ID_UXR0F8E2P8ZQ,0
ID_C5PTZDY0J600,0
ID_XFBSFO8PRZ3F,0
ID_A92CTF50XC86,0
ID_DO3IUMSKAB2D,0
ID_N64Z7Y9B3G3M,0
ID_POHCODL7FU9Z,0
ID_LKJ6CBMNFQP9,0
ID_0R2WGCSDBTYO,0
ID_RVLVVYCTL8G3,0
ID_08Q37S4GYNL9,0
ID_HPH8W9NJ1QJX,0
ID_1F3C8LCL3GCQ,0
ID_2GZR6UZLQ5VD,0
ID_BEBNCLPSFHW8,0
ID_FPMAF3IO9L50,0
ID_C7UY4T10TBYR,0
ID_MCN63JD4VM9O,0
ID_1E5MLIQ2G2OK,0
ID_EW0E7HPZDDA8,0
ID_AI0DTY88IYRO,0
ID_VSLFUWJ4LQ6Z,0
ID_6ZWLMMU3O7KL,0
ID_EIM0WHYS13ZA,0
ID_MFTQNCN65VE6,0
ID_B9UJEE0W14FA,0
ID_GPA2TS0NEIK5,0
ID_WQ2JIMYR5SIE,0
ID_EWRJYHFICB8R,0
ID_Y8O70W75XR72,0
ID_47182FTV8JJ4,0
ID_VV6AIRYNP6CJ,0
ID_X4VPRKJQMH6L,0
ID_C16NJJ4IOSIY,0
ID_5EG0MFETU2D1,0
ID_G61ZPAFNWWPZ,0
ID_HO82A2413S8X,0
ID_SAO84B25NEYO,0
ID_WJ7E2FUC5FLR,0
ID_UKX7AT8P2IDL,0
ID_M34MZ4HJSX7F,0
ID_L6CBML2SOU7U,0
ID_OVXXAH2SB9WO,0
ID_7MVDXFX8MK9X,0
ID_KYOJQH42PBJB,0
ID_C6KZ3OCQIQ85,0
ID_3JWKNIQC2Q7Z,0
ID_JU1BQ5SQBI3E,0
ID_8HDUOHH3DCCT,0
ID_G8V39YWAKI26,0
ID_MSWLIRIJ9Y92,0
ID_XMHT7T5B01UQ,0
ID_A2D2DR0A5ZXE,0
ID_QMWL1MHQ66H1,0
ID_E3WU01RXBX8J,0
ID_M03LLD4O815P,0
ID_UUUIOTI8WDVN,0
ID_1MQ717RVBJC3,0
ID_IGMUBVAM7235,0
ID_Y83Z1UM0T3VO,0
ID_XF82P812Q78K,0
ID_WA6F606LEANP,0
ID_BABVR6U5KC03,0
ID_MRBWZP4UPJAU,0
ID_RBS40Q9MJNCM,0
ID_3IFP29NFMHZQ,0
ID_DB3XJ1DUJ6O8,0
ID_0LA0OX7PAFQ2,0
ID_DGKA54WMRKLK,0
ID_T979BYVT9UIF,0
ID_FB339FMP8ZB9,0
ID_PPBKSROGRE6U,0
ID_32SJWTPL8SGH,0
ID_MOXILJHHSM8W,0
ID_L7T2EDGPAPFB,0
ID_MOR7U631R0QS,0
ID_DNFZ0I1NAOZH,0
ID_DU1IGO605QUD,0
ID_BG9RBFLJSEP2,0
ID_VUF91CL6U8BY,0
ID_AXZNMKOO2JLD,0
ID_2DDUVIP7BN11,0
ID_0P8XAZSJUL2E,0
ID_EENKJOO84M05,0
ID_GXZ4GLSIHWDS,0
ID_K2SVEJI0BNKC,0
ID_62KV8V1EQX5V,0
ID_AR6EGED1LMZQ,0
ID_WKQH0TL7D55M,0
ID_GBLXZIDW8NV5,0
ID_LU44YKIVSQB4,0
ID_GI9KHKG3SOSL,0
ID_VRLT656GFD97,0
ID_VKZ0Z8TC9GH6,0
ID_GLONFL6EDXMQ,0
ID_FZOSKHPD3NOM,0
ID_SJSTDM48W9AX,0
ID_X5JFUSPAK1VW,0
ID_NDHV01R1BT3H,0
ID_BVS150P4QCP4,0
ID_4ZTDQG8MO27B,0
ID_FM86KBKY56CJ,0
ID_AEIAB2ZNBLA1,0
ID_Y3CSGJWO1X7N,0
ID_KD4DTY2VLJCU,0
ID_CXFS6VGTGVY4,0
ID_JT11LDVG2O6K,0
ID_4NL1XS8BFO2X,0
ID_JP4IW25VHLNS,0
ID_AHKENUAVE2AV,0
ID_J01ICCX3BKDE,0
ID_29ZJU6RLRCRX,0
ID_IVA182PHHK07,0
ID_JH4LDXAN1W4D,0
ID_YKUKCQ8SJFJF,0
ID_5ERJMBZZOE9T,0
ID_3FC878QNCDBM,0
ID_F7QYX43R7VWO,0
ID_WCAW25BW4O4O,0
ID_UH4BK9GAVKZT,0
ID_GHMD7LN2EXAC,0
ID_XJJFPP59WN2W,0
ID_NGLOGNE1USQZ,0
ID_I1YBA20YKE1I,0
ID_OJOYA0HVNFI4,0
ID_6MN14B8JLAMC,0
ID_OHFBX95POI8G,0
ID_01EKQHWKHKZW,0
ID_8U6O6XQ5I9ZY,0
ID_Q78L3F00CWAO,0
ID_TIBAG5XICUW4,0
ID_2H7D83O6OMSL,0
ID_LPWGCCUIIJ70,0
ID_7WQ0HNJJTEOY,0
ID_JVWBU5NRT7T8,0
ID_S2PQZ398HIIB,0
ID_K4Z18HO9SKSJ,0
ID_0LZRMZLLM78K,0
ID_E8MWPDUDQEDB,0
ID_OAWSTNFG7XI4,0
ID_73NZ2Y3NE5KO,0
ID_7PW3L2U6XP16,0
ID_8AYPJF0B0TGI,0
ID_92QV6AT1VXIU,0
ID_02PB0B0GFS36,0
ID_0FJSD0NZOJ1V,0
ID_F0AHHW5Y5DQE,0
ID_04EYW61AQ7V2,0
ID_5RTLU9QRLP64,0
ID_LGM4ET8821TJ,0
ID_CBBBA1ECLM4J,0
ID_ZTUM1QEFI2RY,0
ID_CA1Z08P2WZTM,0
ID_JMGCCNKP9XM1,0
ID_8D1BIUOWI6WT,0
ID_KDMR6E6QQ3N4,0
ID_POCYYBMSGDCL,0
ID_903HO9WIUW3D,0
ID_64OFS9C1SQFZ,0
ID_KNVSL1MSJR5U,0
ID_ZSPFQ5LQD377,0
ID_FZ76T2UKN362,0
ID_W12JLM9OQ87Q,0
ID_VR3TVQIWZ6S9,0
ID_DHNUEGPZPIW9,0
ID_DRDXK85HTJCY,0
ID_6O1ZUNEY0RAE,0
ID_54IS2XIC2J2D,0
ID_32PRORBLBVRZ,0
ID_GZFBBBZ0G4JS,0
ID_KYQDH5475SXF,0
ID_XM2CIIX4FS3O,0
ID_NXBFNM9YDRRU,0
ID_MLQ3D0PW3WA6,0
ID_N3XI41ASD6MY,0
ID_WWRR2MW8JIDH,0
ID_ZJVD6M3Q34K2,0
ID_19P8G60VK985,0
ID_7QXDUY0M1JJX,0
ID_9Q05AAKWK0KR,0
ID_KMBRKT9ET9Q0,0
ID_0PT0EW30CLAN,0
ID_VKAAHMBY9YCG,0
ID_I4AJAUWB8FFO,0
ID_SFI5UVMGQYRB,0
ID_QGSFR5ZEPQMX,0
ID_D7XZCIMJUBNE,0
ID_C87Q6TW0FHPL,0
ID_I5OIB44JLGEF,0
ID_P9M21BVUIZUC,0
ID_965TXPMSX0IW,0
ID_P2QNSUHJEUQT,0
ID_5CWOTY11QMUE,0
ID_D7149QE0YDLK,0
ID_WVM1H79IRN5I,0
ID_O3C2KCJH5CZ0,0
ID_QHEO72JY9C1T,0
ID_CYXNNC7BHBND,0
ID_QYHDL081EQFX,0
ID_RMXY4B0UW507,0
ID_QLQKAM387YNI,0
ID_2VSHSE6H4T81,0
ID_6M958UBDNQFG,0
ID_59UYDQ89B4ZJ,0
ID_4MQ3AHOR7RQB,0
ID_MS0PGPCRAM4D,0
ID_1I9F9JRFKIDA,0
ID_T9LEPPHDI3JC,0
ID_CEROPKLQU3HS,0
ID_XHVZ6IP60FG9,0
ID_AWIUT953N53C,0
ID_9ZHVZD3ZCBUZ,0
ID_EULAU96IJ5YR,0
ID_P5NOTORLH3B1,0
ID_1V0DDRB62CHY,0
ID_2OHAQUYR672S,0
ID_NI2YQ9YWWMX8,0
ID_3QGJ1VS53AA9,0
ID_ACG54JAOBW7R,0
ID_55G2NV4SIYP1,0
ID_Z2J2LHAV2KQT,0
ID_SA6JVQZ9VUUB,0
ID_ZL3ZVVRZ2862,0
ID_VTLMC3ISTVZF,0
ID_UBPND1JWCSMM,0
ID_E5F5QM1F4MIZ,0
ID_HS3QFWBQJDK0,0
ID_FA4K4EIM9W46,0
ID_JT7Q31S20D4G,0
ID_7KGMA27M4V33,0
ID_46DPCZI4POYR,0
ID_MYN50G4H0LBD,0
ID_T98PLBYGHF0F,0
ID_O3UAUT1SASNH,0
ID_RSX88CT9YBP1,0
ID_00B4QUXLKDTU,0
ID_GG1Z25M20XQZ,0
ID_0Y1ZG8JUXDLV,0
ID_NKT4HJKJEACJ,0
ID_CKPY6TT4O9MM,0
ID_HN95Y1FT4MJH,0
ID_K6S6ECHC7128,0
ID_MDDG67CYWHQN,0
ID_DVZ2Z1OWQVBE,0
ID_EMRKPYVM6G6F,0
ID_EOKH69HW5VXN,0
ID_CYPWXIEHI6FX,0
ID_QW2YDQXUW83A,0
ID_OQ2INZAI8TJ8,0
ID_GZR7MOWSRQSQ,0
ID_T5907TT3W2CJ,0
ID_H5DC91O06HH3,0
ID_Q66FS565F7G8,0
ID_ZKN2AOFLQD1I,0
ID_HLR95LYQ5H8Q,0
ID_4T14P8UNOQ6N,0
ID_V8FHCYKGZXMC,0
ID_LCA9VK3J5F96,0
ID_GQO1TK2UJB6D,0
ID_TN5VF8EHE473,0
ID_SCV1VRZSZ2WV,0
ID_L8M6I8XQQTVB,0
ID_TAD67L2C0T9D,0
ID_9A6QYJXECL8A,0
ID_5CN0QGUQMG83,0
ID_8KA2YUI7DFK5,0
ID_SLT8R0L36HAV,0
ID_DKMA0SO5SY0O,0
ID_CNQWAVJCD3W3,0
ID_LE9QF1M53K6F,0
ID_PRDOB1OFJOS2,0
ID_1WZU4I7EJ7W3,0
ID_MYF69YHVSH6R,0
ID_OSSR7FPFZ4S0,0
ID_K79O8LNG8ZDV,0
ID_4V3NGSQ1AO2G,0
ID_JYXJTX2T07TE,0
ID_ZX8N3I8GGKFH,0
ID_5BLF7LIJ3DLF,0
ID_R7Y6DIPKLHE2,0
ID_T2REUVNMDIIW,0
ID_F5VWFBLUIJKR,0
ID_S7QHIXFB1H0N,0
ID_XC8LN4978YKX,0
ID_5PGZL0BVG8ZB,0
ID_6UG4GWH5DUQS,0
ID_RUK0COPO17X8,0
ID_D8U6N82N8Q43,0
ID_OADYKGTVWRMF,0
ID_PL1VGXVNUPW1,0
ID_MHLF16R3NQ85,0
ID_Z1OEKE3UI7QX,0
ID_NUZP2Q2OEGB6,0
ID_EPYP8F858MNU,0
ID_JZLV48JO98BQ,0
ID_4SUSO9I82FEV,0
ID_P4OU0TRSR3TY,0
ID_EUG2K2J3R2IP,0
ID_08VVTVTPKZAB,0
ID_7KM312V8C8MX,0
ID_MDWF2824O28S,0
ID_MQAD74ISETYI,0
ID_LEFS6GSPR1SJ,0
ID_5S6AHC4NWC8D,0
ID_N6QDW5AUGVT0,0
ID_2HGSHQL1HZBZ,0
ID_PGNTW0VO343L,0
ID_XWLM89OHBJYK,0
ID_5TVTHCPB5YIB,0
ID_5FJ5KPYISSXA,0
ID_QDBPDTK4VEP8,0
ID_VUYG2HJ5SU5V,0
ID_KPN2BMIRNGT5,0
ID_GFDN42SZSQ9G,0
ID_7JL0AFOM7BTF,0
ID_FMP1IP7LWREC,0
ID_659WBDMS7Z5J,0
ID_5VK48QDF8DA0,0
ID_PLL57DQCLG3Q,0
ID_RD0NZ7P96R4F,0
ID_IAT3I24VNKMU,0
ID_DZGZMOUQ4G4Z,0
ID_J2EF6FBSTTBP,0
ID_BUH0T7II2FKB,0
ID_RBJLBN9GI72V,0
ID_6HD07TRLOQWS,0
ID_G8BGD1BV3TE3,0
ID_6LO3MV2N4X9M,0
ID_RJAR8Y6WHOB6,0
ID_47792WE0WXTX,0
ID_5LTOHAFFEELY,0
ID_LC0XV068OD9A,0
ID_TUFI4JOH88FR,0
ID_ZHKMUEXG01R0,0
ID_X2GTGI1HCXO2,0
ID_V2BR2CVWU8LC,0
ID_0C20I4SC4OSI,0
ID_KM2VTRRMDQWW,0
ID_CRS3PB8O6KD6,0
ID_BOOXZXDJFQ4I,0
ID_IV521OJHF4GO,0
ID_G59BBCAV2TRL,0
ID_N3ZJM1YPE6JJ,0
ID_P1SIOAV36AHK,0
ID_2B6SST4ZI3KM,0
ID_FTM65IDW0BNN,0
ID_BN4ZO30XGKAH,0
ID_OSFKXLL88YFK,0
ID_VYUXZE7XFAAS,0
ID_161AI5TMLD8U,0
ID_NIXMUJAZX8DP,0
ID_4Z7XHSKGPKH2,0
ID_LS1OYGGK91V4,0
ID_2HH334AOWGTV,0
ID_WBFZGFW52U5V,0
ID_XD6NE5J2KWXR,0
ID_96FL78MQGTL3,0
ID_S7DBPFOZ2E50,0
ID_WOP1N83W26U3,0
ID_UNUM20PVSF6M,0
ID_2TLEDN6BTLBC,0
ID_047DP24TE9P3,0
ID_Q0G5V1T7DMII,0
ID_N79BSCD41EFP,0
ID_1S1FI9QWGOCQ,0
ID_WFQVG6ZBN3Z7,0
ID_VI61S1AJ4CY0,0
ID_IROPR24XHVMZ,0
ID_9FZXH37Z6JQE,0
ID_J7B79FGLV051,0
ID_OVIGOGAN9EUP,0
ID_FG7IPHNF0HF1,0
ID_VDJK59TBPV0Q,0
ID_WNBNG88ZJPR8,0
ID_H7YU2NEG4HYM,0
ID_294UJKGHH7E7,0
ID_4XEY7CPL17PF,0
ID_OP7APREFVQCO,0
ID_DZQH4E60LSK8,0
ID_3AQSCBDAEJMG,0
ID_9Y2BPMK5PNZC,0
ID_P6B96U6D87U2,0
ID_KY9C8MOQNJ11,0
ID_UH2XNQMBMC54,0
ID_8PRA8ZBURSSD,0
ID_XN9MOM2H4K0R,0
ID_YE8F8CIMWN69,0
ID_QC6O72D4HB6F,0
ID_60BLZ6GG4POI,0
ID_NA5CNQES9EJG,0
ID_BEJ5ZA4YD7Y5,0
ID_QX139JDO28CP,0
ID_C7EQGKP8KTL2,0
ID_GOZ133HZ4TMK,0
ID_5OOM545LTJ2W,0
ID_0CIM4WQFNR1E,0
ID_DM4AS89FB3ZZ,0
ID_QN6H4R59S8J8,0
ID_4ONPLRLKVWER,0
ID_NFJ4W1KP96RM,0
ID_VRTHRBUHUUR4,0
ID_VVKJ4I15788P,0
ID_313RGHEJNTP1,0
ID_0E7RVB3J4UTZ,0
ID_2K433Z5LAF9P,0
ID_LML447R2781C,0
ID_8KK4BHIPEYO6,0
ID_EP2HYVNAGTHD,0
ID_UX1X58VN89CL,0
ID_6Z6MG7LV9EYI,0
ID_0V0R8HM1MR9D,0
ID_RDQPBHTNFTPD,0
ID_HN6Q05FGANPB,0
ID_RN0HAC8P7F27,0
ID_02X0V27QF8WH,0
ID_1TMPBQ6PDZHC,0
ID_T95OIO3XEIRA,0
ID_NL45S3O2UJHT,0
ID_G0PGX75ETSB8,0
ID_GZB6FNJW82H1,0
ID_DP9X6FFY3X1H,0
ID_SAZPK7BDLII5,0
ID_EW12GPY97K9H,0
ID_Q4U2B9EF0OID,0
ID_64EOBKVXWNPR,0
ID_S34PKE5JGYP6,0
ID_2ZYTGT1MJUI9,0
ID_ITEC59OEK1E6,0
ID_V4UJ8IY79BFE,0
ID_OCBO49T3LW8S,0
ID_U3H16FMMLIHE,0
ID_YKXP3OMJYUFK,0
ID_GA5PJTIP94ZW,0
ID_E39NCBOUSV3X,0
ID_KNO9AUTOYIA2,0
ID_4UX0TCF8M2R1,0
ID_FD619ZY01SNH,0
ID_0YVGIFP2U24S,0
ID_K436V3J50YQA,0
ID_UB5ZB31H2YHE,0
ID_UDXWHAOB62K9,0
ID_WBBDPC78MGK0,0
ID_9BQJXTW4B9NE,0
ID_KPUZJOSWS6B7,0
ID_V3LLDPV586WW,0
ID_DTKIVIGOX9DZ,0
ID_I6Y6FQRAPMFQ,0
ID_1C3UHDX4NV3C,0
ID_SO9ZC54NEEBG,0
ID_OKCNGP8VVBZI,0
ID_EU130FGCB2VH,0
ID_FRV711MSX68N,0
ID_2JC6PNU9XYJ0,0
ID_6XEY2WHW0273,0
ID_GAPZEPRISLUO,0
ID_NTA1P84DIP72,0
ID_EBDEVGP53O6H,0
ID_3Q2SDE287JNM,0
ID_OBGVIJBTYGGN,0
ID_1ZZB01BU44OD,0
ID_YL03P82EBCU9,0
ID_PXME4KT7BE5N,0
ID_XO04XDFV8PGP,0
ID_C0VMAAIK7188,0
ID_YH9G1DNQMNEA,0
ID_W6XLSV3RMCLF,0
ID_JRKMG0DW70KI,0
ID_JR4FBQG6KJ37,0
ID_MNYL86511RQX,0
ID_4TRCFQU0NGSZ,0
ID_O3DL6Z1S4WHW,0
ID_6D9477JCTK7P,0
ID_E87OM4I7P8ZA,0
ID_4F3LD09JJC02,0
ID_844P9INYICHY,0
ID_Y6G1ZZB2T4UQ,0
ID_HGSNJQY1VOMY,0
ID_ZVLJUZD5JT2B,0
ID_NE19UO3H6VI1,0
ID_IKT9GYIZZJTU,0
ID_VWW21NDWQERB,0
ID_EJ5WIA3D3D80,0
ID_ZIWDLHQMUXJP,0
ID_P32H22PQ4ULE,0
ID_VWMLBK3JFI9K,0
ID_F212JGHCXE49,0
ID_4ZYR4FTHYLAY,0
ID_S7N1R2GEKJ3I,0
ID_5UIR4X8TJTY4,0
ID_SI9BA7JX5AYE,0
ID_BLU8R5O6DGFS,0
ID_93C9GZJPZDAV,0
ID_D5JFLGT37S5I,0
ID_F4RJAR5SCJBX,0
ID_V5PXR0TAQ0VX,0
ID_LRAHI4XDHSBV,0
ID_7295TUMINR3Y,0
ID_0OZZ7EYVJAPL,0
ID_CRHR5MOQYISN,0
ID_H9OLT4YTK5Z0,0
ID_AZY61Z8Q5GSX,0
ID_ZW1S058DDBB9,0
ID_04VBZSGFEG0S,0
ID_WEZPF5DN6BCS,0
ID_FM9CNMQJQJVL,0
ID_H3NVSNXY3XAS,0
ID_PEZHOKX6676A,0
ID_R4F3SGQA7Y95,0
ID_KGROXRCEZHZ5,0
ID_BIOC2BQTYOO2,0
ID_NDE25DZLU1GH,0
ID_G2VUS7SMN7SB,0
ID_4DQE66X9ZRIU,0
ID_FJQPS7LRXVS8,0
ID_MQ9OY95L80K9,0
ID_QPI8H27ONDXM,0
ID_FOHZ61LRGSZW,0
ID_5QRVIGEOYAZX,0
ID_Z3LNF2EAW0LZ,0
ID_JHJSTSKBK808,0
ID_H2DI0KXTS7O1,0
ID_TGIP7NPEAI44,0
ID_5I424DNO43RS,0
ID_3PTVK5DRR3M8,0
ID_YR59VG7JEWU6,0
ID_EP5XKMOI7LG7,0
ID_6V3C1NNGDYEP,0
ID_GUTEIKROKO39,0
ID_BFXJX6TB6U1T,0
ID_7ET7FL5TRROB,0
ID_EPZPEVPVIHDR,0
ID_X649L1JFC5IR,0
ID_EQCE9TV48I1X,0
ID_SDSYWMTOH6Z9,0
ID_JHQVMC9I8JJJ,0
ID_TTJ62Y1AP11J,0
ID_OBTPUOPIUOIQ,0
ID_FGEH7P59P6C1,0
ID_Y5CC9SKRHSUD,0
ID_0KJKXUTURIOZ,0
ID_XV9JVWDEW0RE,0
ID_GQO3AZ3DFYLR,0
ID_GSSOA1HZSAZV,0
ID_FCNL40GTSJIB,0
ID_RJ4OX5RD848G,0
ID_PO8ONBSGUAVY,0
ID_VTWKBQTJ9FFO,0
ID_44S3KA2UMWKY,0
ID_6ABIWVRNX7QI,0
ID_L8VGPOKCJT8A,0
ID_W7GZ7JSAKSP4,0
ID_0X18SU4BLSJQ,0
ID_04RSQTDQ242P,0
ID_YVDXS3CRUT6O,0
ID_5206S5Y9QF8X,0
ID_G8YN8PBM8PGE,0
ID_HMDICWH0M0R2,0
ID_LA86IEUQDLUQ,0
ID_NLV9V4H36WJN,0
ID_0WN67VYZSV4G,0
ID_IYRWIQHFK2QC,0
ID_CSWE65EKBB2Y,0
ID_QM45GVYM51X2,0
ID_5G62D4XHXSOH,0
ID_WIXU6NZA3WTC,0
ID_2UM9UOJO4NOY,0
ID_F9HRAU38F77O,0
ID_7QL9CI89G537,0
ID_0G4OT8XVBMZ9,0
ID_0US45776YW4G,0
ID_EKEGJPZZ6CXQ,0
ID_C0W5WC4BJBEL,0
ID_MYWTOW4XC0S1,0
ID_U3RFAUBMKTG1,0
ID_PIKC9ILADEJP,0
ID_QR167L7IZXXV,0
ID_JUMMYAZGRK7V,0
ID_J27C7HZQ1V5D,0
ID_52DR4HWA4JGK,0
ID_GQ727ACN0PSA,0
ID_6W5JVL8F8OM8,0
ID_PTSE0TVX2XQX,0
ID_TWXZ0QOPEO7N,0
ID_TRC797CYHI27,0
ID_7W4RWPL5D156,0
ID_OOFWSNOQG9Y0,0
ID_U5IQJG5M052Z,0
ID_TWWAAB7L66NV,0
ID_RGBI9C18TH9J,0
ID_JTRSXDYKYGFW,0
ID_1YUI1P30298N,0
ID_6CTX1ZFYC6PS,0
ID_D2TOEESQHZJD,0
ID_NCU9XDPJD2UU,0
ID_1WFC5ZK65CMR,0
ID_5FUOYCULG0E0,0
ID_5L7E5IUPNIF1,0
ID_3K1F4K43UZ08,0
ID_SA3WGH5UE91R,0
ID_0UOODWHGGEX3,0
ID_5YQOBEUMJZUT,0
ID_3H91PKI6AV01,0
ID_5659A85Y14U6,0
ID_WSXX1R2KMTM0,0
ID_JLX3RPYVKWLB,0
ID_U8Z08DFSM4S2,0
ID_83LWZKLZ6X25,0
ID_0JNOPHTUIPH8,0
ID_ZM5SZELW2MRX,0
ID_3EWJLQ12F5FN,0
ID_WAU4IFRQFJBW,0
ID_YVT7BBYKZBP1,0
ID_IFCKV2Q02SAN,0
ID_89FT1A8ZLTY0,0
ID_LZ2IJ949AWQ0,0
ID_GUMRAQ2RS9IQ,0
ID_8OU9W1UMNWQP,0
ID_ZBGESVIUVHPO,0
ID_7SPW64MAKXXN,0
ID_NDY515F92MYJ,0
ID_NSN4W51VX9U0,0
ID_CBQBTDJ7A8B2,0
ID_T4LLR19I0K6Q,0
ID_5DC13071D2XM,0
ID_N85H8W9CPJZU,0
ID_R0MI2KF0AXM7,0
ID_1KESAW2Y7S2U,0
ID_96SP2E3UI6JC,0
ID_DQCBNH2YJYG6,0
ID_PLRQDDYOMKRX,0
ID_16FWU4BGJ6OD,0
ID_BXT7UPIHP6VF,0
ID_OYBQAYWAIFHY,0
ID_G1MAC7N7B1GE,0
ID_3ZBETSGQ4533,0
ID_SOAVXXYTGAYU,0
ID_ZPWN6O7F0NBB,0
ID_7MJZMDLSAGE2,0
ID_UH8PCQHIMXAT,0
ID_GSACEDSRLW31,0
ID_9TUJ94RTZ4AK,0
ID_CVZXR187WTH4,0
ID_DULJB98ECPDV,0
ID_IV16T00SB1PS,0
ID_WY3V6X3QR08B,0
ID_0MNXTTWDLV1X,0
ID_L47FYBT7Y61Z,0
ID_RGVLPXXJNGR8,0
ID_HPL0W9RS9V5L,0
ID_BOVPPTP4AAV9,0
ID_W1R3A3A8JOUQ,0
ID_00MKDKLQ5BHM,0
ID_PG54F6LYO1XX,0
ID_YB4TBYS8EOTU,0
ID_KJNZNFO1N5Y3,0
ID_DRL2N45I38KK,0
ID_J4EWGEPXOZWT,0
ID_CI9TS8906J05,0
ID_W9HFVOOGV3J4,0
ID_M4XZSC5AEHCQ,0
ID_97PGLJ1AEMGA,0
ID_TKQ84MP4LO7N,0
ID_05HXMADYIC8V,0
ID_IC5SY52BMN3H,0
ID_3KUWC65V13MY,0
ID_6JI72QANTOBJ,0
ID_JE15JYDKB6R1,0
ID_J7C38PXOMMWH,0
ID_3RXHT58HB2F2,0
ID_5325ZADKUH1B,0
ID_UUFDCFNPPE1U,0
ID_WMLMVD26V2HK,0
ID_Z4TYMD1OIYYH,0
ID_1FD6WEGHP6ID,0
ID_7NYM18FWDQ7A,0
ID_68HDU6DJ37PM,0
ID_7UF43Y1TUSVF,0
ID_R2ZCDVWEI3F3,0
ID_FT47EM2754TC,0
ID_VEU8IS8KSXYV,0
ID_RRVWPMBCYHX4,0
ID_X7Z78GD9TVN3,0
ID_DHJY5W5UV87R,0
ID_Y5KFLMAID2ND,0
ID_SOD9XUM7OEPS,0
ID_GNX35G7J6NKF,0
ID_N1G6QD5HFELP,0
ID_YXYGCM13MMC3,0
ID_RRWJNKQQDTDU,0
ID_PL4S7PPIHHRW,0
ID_B6C3A3A8010P,0
ID_1T5OEYG6NXCL,0
ID_F8JUMKP6MRPC,0
ID_DGRV7ENRHXK2,0
ID_926WJEHUCOF3,0
ID_5TDNGI32YJ56,0
ID_RFMLZ6P6GFVT,0
ID_UI1KHP77K7R5,0
ID_9I7N65SZUFNC,0
ID_H39RCN8BH82F,0
ID_CUR12OHC6G50,0
ID_KUHV0SU4C05G,0
ID_MGGNECMO8YND,0
ID_46OV989FOO0R,0
ID_VFZ8TIRJSCCS,0
ID_3Q4ONJTB3JO0,0
ID_FX3UYHTNHZE8,0
ID_3OYA7JRXRJIC,0
ID_ZULT3BF2ZTR8,0
ID_1Y7AXNXCZPJ0,0
ID_FLANFT40WI1H,0
ID_1GDW2I1JAJLG,0
ID_3OTTSDMGOJXP,0
ID_JVPVU3SINO4U,0
ID_FCS3Q6BGALJI,0
ID_JB0IOAH5CPXV,0
ID_S0A3PEATZAF7,0
ID_PYC9PM5XWETB,0
ID_R4OVODPHZAPO,0
ID_0AWBL1SQ9CWG,0
ID_1MGUTBRFWY0P,0
ID_XDR3LXXZ6GUS,0
ID_H77PBY1PFL4B,0
ID_5ZB7H0Z6NJ3X,0
ID_6AWBHC0VKFAT,0
ID_7F5J9317HGVC,0
ID_W06JJTWWSPTL,0
ID_U3DIYMO2E0PF,0
ID_9MG7BGYUUWVR,0
ID_6CZGU86CJCVB,0
ID_0TYK7HS14Y6G,0
ID_1MYM2DQQX42W,0
ID_XZJHOFPHKK38,0
ID_V5H6WAFZXXM8,0
ID_DXG2EW0OI1HS,0
ID_VE6MSTQC7AGQ,0
ID_IHHMXUP5WU0Y,0
ID_C5VPZXU3A6MP,0
ID_B2V6CV5U9FF3,0
ID_081KRWGZB5DX,0
ID_3URUAAYTDZ38,0
ID_SBBKLCXN2HBR,0
ID_C3OD81FCK8AT,0
ID_QF63OQYKRQ21,0
ID_9M97Q8CXL88S,0
ID_XHR5EKGSVK6D,0
ID_GP4Y1WD7LUI9,0
ID_IIWMD83H5P9B,0
ID_XJR1DRBN8DDQ,0
ID_VAKQ2HIU4KWW,0
ID_6VIJ4R6LUR0F,0
ID_R3NJR4BQ2X72,0
ID_U4OEGIB123DV,0
ID_85UMFD0595AW,0
ID_6O8XMV7DY30C,0
ID_JT9DZBYE6N3A,0
ID_3MOW9Q34FDGJ,0
ID_YRRYV3T48GUT,0
ID_NT0JLNPD7P7X,0
ID_0DPMMAYZIADY,0
ID_JO6385YJQEP0,0
ID_4MPD7HRSUKDZ,0
ID_1VDP6ZKUOWXZ,0
ID_463GWX40HCU8,0
ID_TGC9JOKS5GUS,0
ID_5VZWFKJ7L343,0
ID_YJ87AGMUEK7W,0
ID_66MTQZXGPHIY,0
ID_H6MYPIFH251L,0
ID_42JJ3PUI7DH7,0
ID_114BISZ2D2BE,0
ID_RVV7G3MZQH6N,0
ID_ATFVOXINQ5NX,0
ID_511V3FW1FK96,0
ID_WMA2YDT9ZEPX,0
ID_MYWW68SW4ZWY,0
ID_E0AHDK3CTYS1,0
ID_LLVV94BD2NTG,0
ID_IYJVW0W88JIG,0
ID_R65BXIT56U0W,0
ID_ANW7JD7RWBSG,0
ID_XNS7FR6F3BCB,0
ID_2HXYQQLSSC2P,0
ID_HM6RYPPPGRFF,0
ID_WFKLT7XCXVRU,0
ID_HUUQ9M594V2M,0
ID_HRTEPJOR9ZJ9,0
ID_3U5IR5QG6CJO,0
ID_PDS796LP9TYX,0
ID_80WWUSHLLWRT,0
ID_IYQYYVEFH2TY,0
ID_CKJI40AR9694,0
ID_D413KNZZCEUC,0
ID_YM5LYR5SUKVF,0
ID_ISD8K9EIWM0Q,0
ID_H4GN12ZO58D6,0
ID_0I1C98MIHFKP,0
ID_GW5SW8IQF7VS,0
ID_RGH4XYA06DQW,0
ID_1SG0SSENS772,0
ID_LL6KNN6X3WOY,0
ID_WZD8I67LOCX9,0
ID_VQWQJQ71SYNJ,0
ID_RYLIL4AJL2XV,0
ID_MWROQA7133FX,0
ID_TP3K85HAUL7I,0
ID_3FQPMIY0BY7M,0
ID_ZV3ZWZVVR467,0
ID_69O7NLC00TSG,0
ID_VOMIKD7NVM2N,0
ID_NTRUH8BX7ZU3,0
ID_UZDGZACXCQKM,0
ID_6PB1K2A9TX3X,0
ID_QFY8KYDIEWNC,0
ID_YUIK0VR30LJ9,0
ID_9RMPEI2VRSJN,0
ID_EDKNUFZXSLHN,0
ID_L7EMVNHB91ZP,0
ID_AE42ZF2ZDXH7,0
ID_F0JQR2RGVAL3,0
ID_D6N53ZV9G617,0
ID_CYJV4OEKQA91,0
ID_RII7OMCDEB04,0
ID_6T1IOGMKZOSO,0
ID_5K42DYGS4NFX,0
ID_FQ06561XUODT,0
ID_0Q2SU53LCAMZ,0
ID_IJT6I9HCUCF7,0
ID_F96CHFQET28Z,0
ID_QGV8NDX2802F,0
ID_RD8NVADUIMFL,0
ID_3D5Z6ZV0WRGO,0
ID_Z1SWQZDADSIM,0
ID_1QJ8V8HKUT42,0
ID_TOA57KQ2V39Y,0
ID_GEDWW92WRBFB,0
ID_WYBF5JNWG8NM,0
ID_MITLH0FF5OGR,0
ID_BN4ADKZYBS5X,0
ID_GLQOHHELWPMW,0
ID_OKPYZF9FLA7M,0
ID_31ZM5FH0W9W4,0
ID_UW0UKXUDVX96,0
ID_S3BT7HVY4RVE,0
ID_WYF3FTZKLOFG,0
ID_4LWXOTEOBOK7,0
ID_X2T4RH6S3O3V,0
ID_NAD5AON9J4ZF,0
ID_FDJTDOOTZ3DK,0
ID_W6CNHPTHL62O,0
ID_K4B4J8I3AKOI,0
ID_VVKQ4CYKGT7D,0
ID_ZY627RHYB4MT,0
ID_VVQY91P224GU,0
ID_K62VSGLHKAXM,0
ID_79BTXLVG7YKH,0
ID_OACR0QHXE725,0
ID_2O8SFDBEZ48K,0
ID_2Z7GC8OD4K4J,0
ID_D9NBKZYZG01L,0
ID_QSGWVVRS1C6N,0
ID_QI1MIK86MGFX,0
ID_9X1A8L3H63LR,0
ID_7WO2USTMO5DQ,0
ID_FQEHFB72IOCL,0
ID_Q83SKEMCN1BW,0
ID_6L80ZKUHIXU4,0
ID_PGSTZNQJ88J8,0
ID_1VZVGLN5SLZL,0
ID_2TRX2J153GVC,0
ID_5J18STAYV1GC,0
ID_1O66CR0GAHY3,0
ID_T2KE1W41324V,0
ID_W3AVECRKXM2T,0
ID_XUVQ8C1W9C4Y,0
ID_WL3M87G3I2GY,0
ID_O0RZAH9MWFFQ,0
ID_RT7FAJW6TL6G,0
ID_HSXANRCK9GP9,0
ID_9IG3A56XKWQ5,0
ID_G2ZYP9MEAJD1,0
ID_XWZY8ZF70L0M,0
ID_7AA8S6LRH1U2,0
ID_IE3D0FKFA7WN,0
ID_MV4YW775OCPV,0
ID_ZJ2I2O8K1BB6,0
ID_UC838UDF3S6R,0
ID_1CPXIUAXQQSM,0
ID_5QCGTE5DCS7S,0
ID_RIAILBOPPKN9,0
ID_I8YTXHGQY1YO,0
ID_RQ6VV1B2466J,0
ID_LJQ45FV0PSBH,0
ID_B1YPE2K5ISWV,0
ID_28F1J9H3ZJ2J,0
ID_YJ6PFYQQM5V6,0
ID_CEH2IJRRQTVV,0
ID_NH6WEV7EBIAG,0
ID_OBPLNAFAIXBN,0
ID_ZIN2QRRNWLZW,0
ID_QU1N5JAW832G,0
ID_84E1D9AGFUHR,0
ID_HY7O6I4YLQ46,0
ID_F2IP3L0T8YBO,0
ID_EPRMO4OT4RBB,0
ID_14JUYG5Z5J5H,0
ID_9CADI6LIKZIO,0
ID_ZGTWZ78F4BN6,0
ID_2XTW036KO81K,0
ID_165VSL9ATO5X,0
ID_M58GKK9EJXBZ,0
ID_9RL5Y6S8SHP9,0
ID_PLEEHGXLH6BO,0
ID_CVWZA41HIZ3D,0
ID_Z5EWZNPP9C28,0
ID_K8LHGNTGU77T,0
ID_8GS5IJOBZ1G8,0
ID_4NPWDYZTMOEC,0
ID_3M1LPHGX63UW,0
ID_VVND0DRITZ85,0
ID_8ITZ92W1LPVL,0
ID_GH4PWRN8R71S,0
ID_GC07W06Q6R5T,0
ID_ZQTPN04HHVPO,0
ID_MVV63MC4OMVG,0
ID_UAWWBY8C2H10,0
ID_TPJAIS3ICZ37,0
ID_XJJW9M4JYYDT,0
ID_CK2BB2M5XR16,0
ID_A9CNKV6GCOBB,0
ID_B6QMVE1AA33R,0
ID_VP4CRGDMBLA8,0
ID_G10P6NKCEH2B,0
ID_S82665Q40E43,0
ID_IRVO6HWAS9W0,0
ID_57VOUPQTUIMY,0
ID_4QJ1J72NEZDD,0
ID_PUKMFCJSTI7C,0
ID_SMT8DVD9IFKM,0
ID_5BWEOL88YSJG,0
ID_PTG2BGQD3I0J,0
ID_R5FT17Q5VNQ6,0
ID_83941J9WJ2II,0
ID_LO892QYDG4C3,0
ID_V8H3INJBAN89,0
ID_PG26VXJ6F5PT,0
ID_YEUQTC1C3TB0,0
ID_6AXUPZSUVVUF,0
ID_YHVS4PQH5438,0
ID_U123E522J4KK,0
ID_9L0K5DPUHJI1,0
ID_PM7HZNN5XIAV,0
ID_2N9UEL64XMPM,0
ID_CTPO2AITBQIN,0
ID_FDGSWXMEHV8O,0
ID_NCKLGP3LGLCA,0
ID_AM41K8499NO2,0
ID_QARXVPS4WGY7,0
ID_C5U3OJBX49WX,0
ID_7RWM77F2IX30,0
ID_GSAP92OX5HB8,0
ID_7P61H3LKB92P,0
ID_ISYT3MRNFRTA,0
ID_2B5RNRGEB916,0
ID_NAZVY5FE9PTO,0
ID_I9EZ9E2OLM2L,0
ID_PNUY4QFTEO0H,0
ID_XQHN4EWVCXPA,0
ID_5O2KGIX0ULVU,0
ID_PD75GHTQM3H3,0
ID_R5WBL2S09UEE,0
ID_SFG6VGR8A6XL,0
ID_0KXS7DLH7LBK,0
ID_AIOK50DHSLU4,0
ID_5XUV5H08X542,0
ID_N4RPL0KSUI5D,0
ID_NMB29JHG7UOV,0
ID_W9I8IVISKZTX,0
ID_7TJ2CHFX5Z7N,0
ID_CSM735BMF0ZT,0
ID_1ZI8CGLCXVHY,0
ID_W4UAAGXCTDTX,0
ID_IET7P6JPY6UX,0
ID_03I4G28E82OW,0
ID_M94E3KPCDUNK,0
ID_5L8P1LJCRDEM,0
ID_SRU8YIJVW3ON,0
ID_O4I0Y20IKRRL,0
ID_OFQOBUL2BYH7,0
ID_LHI740J5QKV3,0
ID_ZYHCJDVOSB4U,0
ID_NW8L5F72R5BE,0
ID_ZYR7WOY69VYL,0
ID_SYZPP8HTSY4A,0
ID_BA8Q6N1XDXOP,0
ID_9P3XJ2MV0SKP,0
ID_LIDUSHGNO35T,0
ID_HNHH2MP2DPX2,0
ID_C7FVQTGN3XIG,0
ID_IX1531ZYZ3VB,0
ID_9GVUWESLDODI,0
ID_19K2MG2M8NY1,0
ID_XW4FBK0O7NT1,0
ID_PYQVT099UXZV,0
ID_LK08O0WTXRKD,0
ID_8XFFHA69ABKN,0
ID_8LJ28D9ZIE2B,0
ID_7CJUNITA6K93,0
ID_NFQJMM2CW9GV,0
ID_NK6HA1ESQB0O,0
ID_MD6R7KUCVM2J,0
ID_JZCJYJIEREN8,0
ID_YZG8LAB79SF3,0
ID_BQZ68SUT8VBR,0
ID_A1BFDCODU6W8,0
ID_VMOYBFP1W2XS,0
ID_E4VAIL71V63W,0
ID_2RMHM3TXAJZP,0
ID_AXPQM7TRCRLJ,0
ID_MPHVXFVX1UOR,0
ID_0ZQ4T3847W06,0
ID_JYYJEFSUSTP4,0
ID_PO3PLM3F4NHM,0
ID_0O394Q06EIYP,0
ID_2YOXKDNX86Q6,0
ID_7Y6IYCSVG152,0
ID_9R4JNB96TF54,0
ID_4YMESPBCZLPA,0
ID_3H3T07IMJYQP,0
ID_SU62W5TEOYF7,0
ID_NLVX4HMPPH63,0
ID_ME11ZKUNHB3U,0
ID_9US865YOSQF9,0
ID_PLEQ3WGBWP8U,0
ID_53L5UYYLTW0J,0
ID_HC51R2I3KUHL,0
ID_0LNKN98UBZP7,0
ID_E6VV1F2VMNC3,0
ID_BPATG87LNTO0,0
ID_GNV0AHQNJNFZ,0
ID_JU4GMRKLS2X4,0
ID_40HETGTZCE62,0
ID_B6BNGVKI2XBJ,0
ID_K8FVIC3BO1DU,0
ID_9F101BH31834,0
ID_SR4NRXG9EMUN,0
ID_9MQI3CJ853CV,0
ID_CL9Y0EBGCYHY,0
ID_8MGTIPX8G921,0
ID_Q93ZD5S2PIDH,0
ID_X2SCF0U95LYJ,0
ID_G7LDATT22SRM,0
ID_CYUSCGSUJR5E,0
ID_W2M5GDY28UXT,0
ID_UJ50VYX4QOPN,0
ID_4JDV31XDKHJ8,0
ID_ZWBBG5D9DUBR,0
ID_MGF4OH5UO1K2,0
ID_76TAX9Q7DQK3,0
ID_HK6MOEH0Q2XA,0
ID_CFIE504JSX1Q,0
ID_LTD5IMVYQIBO,0
ID_WCOQMPXDLQGM,0
ID_U1FTIZPZ90JL,0
ID_JIWTU7DVXFRW,0
ID_HCH82WYYDPQE,0
ID_I88SHU4EPLQJ,0
ID_CWMUJCM8Y0PW,0
ID_XFQ8FG6EBUSM,0
ID_TWNQQI78Z6UG,0
ID_QU5LSCPZK8CB,0
ID_XEH0XOM4G7ZZ,0
ID_0LVVKABJO4XD,0
ID_W3IO3JERZO6P,0
ID_GOQMW6TBQSPO,0
ID_63BQ00X3B5QM,0
ID_KS6IC6V8SOU6,0
ID_X1OBKNP83TXH,0
ID_PNWULCT5L9FH,0
ID_W5CZ06GL2CZJ,0
ID_2U8ZU562TTXT,0
ID_0RHVXCR3DMK5,0
ID_XAHUSVMPUHB3,0
ID_2B73WSY46G64,0
ID_UV8Z3IGHWTWT,0
ID_WACYL09QIURL,0
ID_ISOUEYH2YKZ5,0
ID_O6SHIAVJLO0D,0
ID_DU15L0R4T8SS,0
ID_LHOQAP8NGA78,0
ID_9ZU6ZP1RCJ88,0
ID_UIXZ6C68D4IQ,0
ID_U2Z0Z9S46P3H,0
ID_4RTP4F53V0AS,0
ID_GVYMNJ475K8F,0
ID_AO7R1MGN8JTV,0
ID_OQLOBIPA1BY5,0
ID_XEHDXRKPU7LL,0
ID_NFXAIQLJBXCV,0
ID_NPEMBU14DP2N,0
ID_F5MRZ43QBI73,0
ID_MBGSHGR98J9V,0
ID_Q48Z27HNKGV4,0
ID_JGNAKLU8DQRD,0
ID_45TWOI4H3BCR,0
ID_N8SRT6SXY9VH,0
ID_4MW2WVJHX6JT,0
ID_9GWZAAEAQXGV,0
ID_WIA2YTJYW6KT,0
ID_HFHD3BSP6TO3,0
ID_J4N8VGRK2VKI,0
ID_H2DHWJOSJ2KX,0
ID_9P6438RSFAOV,0
ID_XPHUKJ2Z3IJ0,0
ID_XP4L44Q9YIMD,0
ID_5BTOR133WXB5,0
ID_K73V3KMLS126,0
ID_TMLIQROHSPBW,0
ID_O1MKUB56V206,0
ID_1VHR1G9AJ02T,0
ID_0QGXHZ0GQPWV,0
ID_IQVBD12HCDLA,0
ID_ZU92D28FZRD3,0
ID_UP42XRKEVXPX,0
ID_GIGDO4FCN23Q,0
ID_W9VD0ZZ1C5DD,0
ID_9SA2GPUIJXSR,0
ID_TNJCWPVRGAMF,0
ID_BRX3PC23889L,0
ID_GJZHKMM6TR6U,0
ID_M89GI1T3WATC,0
ID_7274WDWPJ95G,0
ID_MNUJTUYVL6LE,0
ID_SMHAHK46ZAI5,0
ID_MLHXFWL4AGFX,0
ID_74YLUOHIOBQ9,0
ID_JP1TPE2PJKPD,0
ID_WKE5P7UWTFFH,0
ID_WU8L6RMHDTI3,0
ID_YSF18I9H4FZI,0
ID_8YV01WGPRLL5,0
ID_AWR92P7RE5RD,0
ID_5JYMW9OAEQUV,0
ID_US13ZYTXOPOW,0
ID_MPHI43BAJ7AP,0
ID_PEW4B17KN8RN,0
ID_BHJARR479HI4,0
ID_K2VZGENLUCVB,0
ID_UY3IJ6OKNI9T,0
ID_7CRXQQJ272NM,0
ID_XJ2IXM56QQ5B,0
ID_IVIQAI4N2NAA,0
ID_FDVU3OQBBALG,0
ID_XOLSARHUKAXW,0
ID_JFTY4F7IPM3L,0
ID_M13JPA458B7R,0
ID_40X77DLQ6PP2,0
ID_XKP2LC20PZXQ,0
ID_JJQ1QTOJLJVH,0
ID_8GXABQGAW2IV,0
ID_FNYS5BZV4IPC,0
ID_MEV0H2H0TIA6,0
ID_HCNJCGSTW4TF,0
ID_H5I4TFTF3GVA,0
ID_YDHA64318GEK,0
ID_0UB9R3HI607O,0
ID_OYR6CO06AMYX,0
ID_CT2ZAB9KVEJD,0
ID_F65UM5Z493DA,0
ID_ZHSYN6OHQ852,0
ID_FEHCPNHEEQCX,0
ID_BIYX5V283HDQ,0
ID_JFCW2TT0NPDW,0
ID_JIAW8ZXE5OV0,0
ID_Z0LI8F5U40W5,0
ID_G0ZR8JKV05QT,0
ID_HSIR83BMJI9K,0
ID_L3RC8ACBTND1,0
ID_MDUXLWCPD7N1,0
ID_5HY1E1K3EZDQ,0
ID_XAHGXJGVYGBV,0
ID_FTOSBRM1LJ93,0
ID_G0N68A1GVO3M,0
ID_U98JODM5ULKE,0
ID_T8MCUB451H7E,0
ID_SA1TLNYDETSI,0
ID_WEB7XA5JNXWA,0
ID_OXN8372JBDH9,0
ID_LVEXKT20ADZG,0
ID_HYU5D3IW9M2Y,0
ID_VML60GHY0PAZ,0
ID_LJBPX0HTTD5O,0
ID_BPXHM77P2TRW,0
ID_MIXIFMD5F1OR,0
ID_88Q4ISMQ28SR,0
ID_WJJJUXZR2KIX,0
ID_G8FPAA948PYZ,0
ID_AZKRGLMUV8QH,0
ID_ATGGQ01UCJPW,0
ID_4RWBYSA3CEBR,0
ID_Q63PJUE0E2NJ,0
ID_UIOXVRL2DBDZ,0
ID_JP1XLGKSDYQZ,0
ID_DBL1OQY6SSGD,0
ID_6GPAR8M0D6OP,0
ID_COKEI0EH3CBO,0
ID_GAG04QTFZBFD,0
ID_6KVDF34RGCRQ,0
ID_ZSCQL7X6A616,0
ID_UFA0ZR2PG405,0
ID_ZPQ2USRSKTE4,0
ID_PUJSF71NT0H1,0
ID_XVUF6DUZOZ75,0
ID_AFFMPI177PGJ,0
ID_B75248L22JEJ,0
ID_557JM4PK1JEC,0
ID_U4FWQFBOZ978,0
ID_860NA5VJ3CS4,0
ID_JUBM781N41RU,0
ID_A2HY88IVCQ3D,0
ID_7UZD812I6Y23,0
ID_G98F7MPG30O6,0
ID_1P5EV4RAMKKT,0
ID_5VUHJ55QGR8R,0
ID_D20W27V2ERDG,0
ID_E2XOELILZ5OK,0
ID_H6BSVB0JDDQX,0
ID_0CMZJSWU83JR,0
ID_RJ710NTNYIL2,0
ID_VAWJUOU2M4GF,0
ID_BA7MCXSCVU9C,0
ID_JVZA4XWC5VB2,0
ID_N16BSXJQ8NRY,0
ID_VDDLARZ4VHYF,0
ID_HNUKDT5S4IK3,0
ID_HR27LX9THCSF,0
ID_0O643KTLPJY5,0
ID_1K7X7C9D7IH4,0
ID_HF0K8MDHU61I,0
ID_5ACYF6W0LIT2,0
ID_I53DA6344XSH,0
ID_4BDUL9XPW6J7,0
ID_LKJRMUPO2PHY,0
ID_A5SQGO79N465,0
ID_4ZYX081ZRNXX,0
ID_G2RU5LHCF2LT,0
ID_VG3X4UJC6HE8,0
ID_2DMJ4N4FV1VS,0
ID_LYVKHY8OSYRD,0
ID_49OIPYYBZGV8,0
ID_E3B46EUN2NVX,0
ID_4MJ7V5H1YEJ3,0
ID_L8HV5D5D114Q,0
ID_97E2WV25FHWM,0
ID_IVDJ3YX2HWGX,0
ID_BO692J1YWSIS,0
ID_HX7UK2WV0SQV,0
ID_C7QO9DKUY35T,0
ID_KZ42LFSATME7,0
ID_0GP92FY0MN6J,0
ID_DOK1JL1XVDBR,0
ID_72GYPVBOXQS7,0
ID_X6UL1OEDVWG4,0
ID_CPEFNQAUMBTW,0
ID_RC9Y2PAUDB42,0
ID_5Y5ENRZ6VSMF,0
ID_A3PBN7KQI7I0,0
ID_P6YG7H39WU3E,0
ID_ZCOD9WZZ60AH,0
ID_9JTKAM84IJNG,0
ID_A0B7E7Q0KLL6,0
ID_5J771IEDN9UF,0
ID_C6UYGJ6AM927,0
ID_BJBPRS7WYGDO,0
ID_KXSPYVGUR6FE,0
ID_08MVXECMIOPU,0
ID_SAMF8WA9Y21R,0
ID_O8GR79B7B347,0
ID_A5LQY0XW41E0,0
ID_LWTFAZGOZ091,0
ID_VQAHRHZ2JTLN,0
ID_CVQCIYUAM7QI,0
ID_S9UQ79GBJMY3,0
ID_CTYN4SQWNVPN,0
ID_FPT9KGMMYQ14,0
ID_EBO29DEVLRWL,0
ID_8CWC64LBUNCB,0
ID_2DYYI0AGJ2ZK,0
ID_OHBL4WZ0Q6Y1,0
ID_0CL53VNOYM5A,0
ID_2O5WTQW0Z17J,0
ID_QJFWPQ0OPPVG,0
ID_GAKU7BLDJD0C,0
ID_IJHH1XBNKN8J,0
ID_USP42HA25AII,0
ID_APXYVQRUP3YB,0
ID_UWI11KEN6CEF,0
ID_F2FC678H8NW6,0
ID_RBXWS9JYZXWE,0
ID_9VH8D9L65M5H,0
ID_E2T4L8IB9KS2,0
ID_09UW6O5EHTHR,0
ID_5E9ARF3REZAO,0
ID_U193VIUDBM3L,0
ID_ZT8753U5VPH1,0
ID_IHW5BKWUQE1F,0
ID_BM7GJBILFT4J,0
ID_B5OAWZFFYTSQ,0
ID_32XF2T1VXOQ3,0
ID_AC6A6H98V307,0
ID_TWU3DQ38OB6T,0
ID_JV47KWAD91DV,0
ID_G1APL8CNE2NZ,0
ID_OAB03TGV2BPR,0
ID_X842Y8Q4L81F,0
ID_SC44VELM4LYQ,0
ID_PX2H39WXGQH7,0
ID_9W2U4VT613KN,0
ID_AI6AZ3NMQP17,0
ID_RK9HK2GJQESP,0
ID_KTJFX36FZ55R,0
ID_8ZK2YH0FDK2X,0
ID_6VZ6ZXMM6PKP,0
ID_H7TEJG8H5IK6,0
ID_7MN0Q1A2RWGD,0
ID_LRPLQ2Q7Q1P3,0
ID_GGCV2MDM7ZCP,0
ID_FFSZQRWL6LOE,0
ID_XKT0NS8S6I0Z,0
ID_4NJ4FU00FC4A,0
ID_MW0HXU3YVXPJ,0
ID_IL2OQBLTQ7KV,0
ID_ZPOAE6UA4YXK,0
ID_F9WLTSPIT41Z,0
ID_HSLNTXIE2DJC,0
ID_U0PC5M4R8KEM,0
ID_70V156VZPMKU,0
ID_MRGYOIERRO7O,0
ID_254HV3WE44ZW,0
ID_9B6JO9IRQ37Z,0
ID_UW7CJ1E22VBP,0
ID_IWSFM6X0E9OX,0
ID_BMIQB7ZKK1VE,0
ID_KQG5X4P942VA,0
ID_FV9A410M83SC,0
ID_3SACSSJTFGQM,0
ID_ULCWHR0SFCE5,0
ID_SGFOHZ5WRRIL,0
ID_RXE2WDWYG8E8,0
ID_Y7WNAIKG1RWI,0
ID_MIVYGZP91FOL,0
ID_CJQGJYPSHDL7,0
ID_3H3076ZKKG2V,0
ID_8GB22P1X0TLS,0
ID_CZQSP0K3V1Y2,0
ID_T3Y8TAZJIHNU,0
ID_VUB8H3JS7V7F,0
ID_D6C7SEX0SUGB,0
ID_VU7OP4U1AT9O,0
ID_US6RYZVQ94TE,0
ID_25PUJUC0P50I,0
ID_230A54MF8X4C,0
ID_JASWXGDT485Z,0
ID_74GYMILILS3G,0
ID_VLOF9JLSJ6P3,0
ID_2WNRMHLSCJ45,0
ID_7QIW7XRCBJDY,0
ID_S2RS96Z5J3PJ,0
ID_S3OD9XV9N8T9,0
ID_1J62JHJEP8V1,0
ID_PO3BXB8FNUZM,0
ID_L8K5V3FH6Y19,0
ID_EXPYJXJD10ZJ,0
ID_X1JB7HFITCOO,0
ID_VWWA8LCV6EZW,0
ID_Y117LP8RW2ZG,0
ID_9DP6310IG9K7,0
ID_MU2OOVZKHCFI,0
ID_RWHMVYQH0ZY1,0
ID_MEDDSA9YSCGQ,0
ID_SXA05FP08FW0,0
ID_9ZYQ3QIT6PX1,0
ID_SFEWU4IMWETI,0
ID_IYH2GPGJB4I4,0
ID_HQHR9UMDDHHB,0
ID_F1U6QIXNY8GW,0
ID_BJYGW5JBPY2R,0
ID_ZIINKJB80BE2,0
ID_LT6ZLPBXTD6S,0
ID_CURG51QH5QZF,0
ID_OH58RARWOMV2,0
ID_S9QJ6LI5OCZ4,0
ID_DARIG3BDNKZB,0
ID_JKQM0A458C79,0
ID_92J0WFF4M4ZE,0
ID_SFJYKCFQLYL7,0
ID_A9N0RII3IBDD,0
ID_93D1ARRMM513,0
ID_TDXFUTNQQMOO,0
ID_8J6YZ942PQFY,0
ID_XGN1NYYKZ09F,0
ID_EVH30CRE1G9H,0
ID_DIQ3OFE523Q5,0
ID_7KJD0JULWC2V,0
ID_QPPDICJLRZKX,0
ID_GJBGU22EAL3C,0
ID_9MQE12F0G564,0
ID_TVQ0ZF8NYOML,0
ID_UO2M6HS41Y34,0
ID_TMF9V9CA7AFJ,0
ID_V336MU4FUBZS,0
ID_VBWNQU7E89E9,0
ID_M467MQQSNOHI,0
ID_9P0VTFAR2SXU,0
ID_5OKNZNCT72SQ,0
ID_BDYV85BG85JA,0
ID_VRFA45Q7EXO7,0
ID_VG4XCW59NRHX,0
ID_N613Q8HTILB7,0
ID_WPAQD8U8A3M3,0
ID_LR82XYHGKRA7,0
ID_HN0J4QMJQSS8,0
ID_T6APO6I8BA4T,0
ID_JOQ1RVAC6F2C,0
ID_DBPVTZIVWQEN,0
ID_BQPN1J1XQYEI,0
ID_VRW7GIIYGXHO,0
ID_DAFG3C1F60BS,0
ID_659DAIEHPT1I,0
ID_U8E8WMUG88ZA,0
ID_6AXI4RNL047R,0
ID_GXSRQLIND48S,0
ID_X4JCHSPTTV00,0
ID_21UXXX7ICFLM,0
ID_1DQRMVYW7JM7,0
ID_BDOW2HYAWMHO,0
ID_7NPS2ZWQZ8MB,0
ID_EZO4BSLLNP9C,0
ID_W087RXUXDJP8,0
ID_Y5I6TCKXVZ28,0
ID_R5O6HINE4KZY,0
ID_83D1KG93MWBQ,0
ID_ND2UTD1M4JQ4,0
ID_6QUWK640DN58,0
ID_P7CXF0D05PHF,0
ID_7AAN40UVCV7Q,0
ID_SNF8TO2FWECF,0
ID_W48VG1TWAXM4,0
ID_1TFDKLUF1FFC,0
ID_OO19I5V5A6A2,0
ID_7X6TN0LVZ3MO,0
ID_YEPHR9FNBGRQ,0
ID_UHWM4QPKNYBS,0
ID_3C5S8VI3GRGD,0
ID_M41T9Q68LJ52,0
ID_RQIJIK7SUT03,0
ID_B8HYZHZIKAB7,0
ID_MEIXU6TFXJ8M,0
ID_XLE3RH42OKGO,0
ID_CBFAIW5RH5VA,0
ID_3FCGILP242S4,0
ID_4AKMUJN30Z3Z,0
ID_FCLGD5WJ8K9S,0
ID_Q59FH0BK0MY0,0
ID_9QYHX3WFLHLK,0
ID_GIHUOPQOTWH9,0
ID_C3ZFE73YMMNP,0
ID_UI56H0UTXIRC,0
ID_QTVPOQB25EER,0
ID_5W2BTI6GQXK9,0
ID_C7I674PUSGSF,0
ID_PQ7ZP7KG7RVM,0
ID_P8D7I5BGAQXX,0
ID_2V2JLS5EQ7V9,0
ID_9Q9ATYKAFFQX,0
ID_FJ0UOH0U5CX1,0
ID_TMQ58MUBT1XD,0
ID_LXVI41OZYBX9,0
ID_FXDTQGFM82HO,0
ID_SDXJDDB2CD1X,0
ID_TAXHQZ3Z70HL,0
ID_VUBGRYTOAUM2,0
ID_97UI0HJGHD00,0
ID_F5G6L8RCXFDI,0
ID_70KEMQT7AZ5M,0
ID_MPPO1WSN92Z5,0
ID_WMJXBZWD2Y90,0
ID_9Z4NP8ASTQCI,0
ID_Z41X935QZ8WI,0
ID_BC3HL1YB88SP,0
ID_8BE48N3840PZ,0
ID_Q339BARBPRP1,0
ID_G87Q27K79A5V,0
ID_4VLMFDLQTKNH,0
ID_RMV219E3PK0F,0
ID_S4X5G6UVJODP,0
ID_OQUA0EFSN2UW,0
ID_W6HUXW9W6CLT,0
ID_LY9ATL202P65,0
ID_ZAZIHHH1SHX8,0
ID_SXTE493VLD79,0
ID_FT6SHUDIMLQN,0
ID_GCW2XN6PNR9Y,0
ID_B3R1PAPQJYNA,0
ID_DFFO88LT7HW6,0
ID_MFW0DF0COCBW,0
ID_PXZPRDZATT0P,0
ID_B4JU203IFJEB,0
ID_R5S43CQ2HYQG,0
ID_1LLJHDPC6IZN,0
ID_9G0EWPTIOP9T,0
ID_PNXJ93HU5UFU,0
ID_SUYVH7G4P5VJ,0
ID_FIKHN6KGXCOD,0
ID_ZQ2M32ON595K,0
ID_JEPVK5YOE898,0
ID_VS800JYYZJ9E,0
ID_FKKLO4GH8EKP,0
ID_F6P0558ZAVOH,0
ID_3VVKN1J5UV3B,0
ID_7L2MGYUYQU06,0
ID_FEM9DJQJJ2QA,0
ID_G7YOETW6GB2X,0
ID_2CSTQJNZST0K,0
ID_O8XHJRRZWX7P,0
ID_7WUG2AGX8GNC,0
ID_Z62UPZ4KTT22,0
ID_9J60ULA49G9I,0
ID_V039ENI5AX67,0
ID_66MFBVN48Z9B,0
ID_W22ZPE3FO3VJ,0
ID_K3L2YHKSEQH4,0
ID_IJVP10PZOV3W,0
ID_MLZIX3ZEAC4N,0
ID_9PXHDLK08O3G,0
ID_YOQ5F0291VBO,0
ID_BEJT5AY6ZCUP,0
ID_V8DKKK1KMR76,0
ID_WFKOX1RBPH6G,0
ID_C1W0QRPSR55K,0
ID_RA4W9B70I3PJ,0
ID_RWMI4Z0P7GH6,0
ID_L0PTWRUANFHC,0
ID_CU48Q0Q2K4S8,0
ID_EPOX9V1M9IDH,0
ID_Z69GK1U8YNBY,0
ID_WTV6ZTD5AO4W,0
ID_A80Z089KUID2,0
ID_LN3CS8FUEXWJ,0
ID_XEUM4SX0K172,0
ID_42SKE01DF2BC,0
ID_53OQBCOGIRRH,0
ID_JSRBFO8KXZZ9,0
ID_SUQ4NLFJUQCZ,0
ID_L6XYCJKK85QK,0
ID_RUZBK2YS3GS1,0
ID_JPVI6UOZF8CE,0
ID_YSNE0MC38S4W,0
ID_YGWK1F9JCGA9,0
ID_0E1N08HFK0V3,0
ID_VXMHBCLH3N4S,0
ID_Y505WH4CDEHJ,0
ID_Q4E9NX13TA12,0
ID_K9GZ0C0ANVAI,0
ID_FB7SNMJLCLKV,0
ID_1AWXPFZTCMR9,0
ID_0IUBHXBKY1ZT,0
ID_FRNIBRF3BLTR,0
ID_083SBESWONCG,0
ID_Z5XE2R5NRPJQ,0
ID_IUDW4LHEDBZY,0
ID_FEMVIDZJHEAM,0
ID_QYAN0FYTW4JA,0
ID_ES3ASE3BH1IO,0
ID_V8CWDG9SWGLU,0
ID_N98412E13D63,0
ID_AZVCWGBEIJ8X,0
ID_OFN9KMONHON2,0
ID_TOIL0HSA91K9,0
ID_WGMBDYCS52P3,0
ID_XNTOTV3NU792,0
ID_CFC33S4VKPRV,0
ID_EE8VL6E2CRMK,0
ID_BZI91Y0PTDKG,0
ID_Q1MKD5F6BXS1,0
ID_E2U46WKAUGPS,0
ID_DTWRVYISVDRE,0
ID_IUXSTR8WHM2N,0
ID_F8L4A4N5ZEPI,0
ID_OPJSN0ATXMI0,0
ID_VNK1HNTHM4GW,0
ID_ZO9Z8EOB3T3G,0
ID_OGZKWW81VD8W,0
ID_VKHOXIU9JDBC,0
ID_PE4BIXYU4NVT,0
ID_4TSA3YHJQPHV,0
ID_FFC7PE295VOS,0
ID_7FRSAYIWT1BB,0
ID_3I51FB5BH8HO,0
ID_1GOOVXVY35CP,0
ID_XUZ8VYE1Z146,0
ID_G6FO39GLB4M5,0
ID_M3WIU4IGHRZL,0
ID_1WR27HAWGE9Z,0
ID_HDR91BQHDLDG,0
ID_L2LPOL26EJB6,0
ID_668YA3SG9GMQ,0
ID_JQE2TRJXSVOW,0
ID_QFVYXIMKQHB5,0
ID_VTC6JZUD4H1P,0
ID_GSTLCXKCEFAS,0
ID_2WHHWMIU2G9V,0
ID_20XVQDFQ2407,0
ID_53NHDQPZ4WTU,0
ID_SVHZ6SSQ49M7,0
ID_CW1HUM2E4N4W,0
ID_8P4XF3ZDVD99,0
ID_XTPEBEK37PQF,0
ID_3HAMRGZBSFRB,0
ID_NNQXDHFOFRLK,0
ID_B0YLQR5NIEFW,0
ID_LQOJBN0QR08L,0
ID_E6RWGOCKWH3Y,0
ID_9Z28TALHTY05,0
ID_9PA9QS0HO5M4,0
ID_LGBHADEO43TX,0
ID_07DEQ9VJLQJC,0
ID_PH486O5KFSE9,0
ID_6KJBZ05Y2Q7A,0
ID_ZX06X4FSVBUK,0
ID_BP7L33FSY0DB,0
ID_SWJ8XA7UONU6,0
ID_V9FNGGQFRP0K,0
ID_C5HWU13FU4DB,0
ID_KG0G612RKWF6,0
ID_78LZQAO9NJZ2,0
ID_8BW9XNS41TWY,0
ID_896AG26V3NH6,0
ID_1ABSR201MC8F,0
ID_6JH1D7MGB94Z,0
ID_PZLPLPGUOHEL,0
ID_0DNOP84ZSFSO,0
ID_IA90KITP0D2V,0
ID_78VADZBRPTDD,0
ID_3EQOQ2OACZIY,0
ID_F05BOHFP9QSN,0
ID_2F4MAEQLZCTH,0
ID_WT29JUDHLOZW,0
ID_RCTS9GKVE0DJ,0
ID_HDAAZWTLO035,0
ID_9TXUBBL68N9S,0
ID_KDG755QTL5EB,0
ID_0NDVO1858ZB4,0
ID_VGHBLYZ3E8UM,0
ID_PFDGGHUHI0RO,0
ID_16H6C72NWRLB,0
ID_5M1PND7ZTT8F,0
ID_AREQNN6LSJOY,0
ID_5OY2RLWGSGKK,0
ID_UX0BJMEXP93T,0
ID_PHTEFZGJM1YW,0
ID_ROLM8IH97JSI,0
ID_GSIM4XX4UJ5Q,0
ID_J2NNXM855SVF,0
ID_DINEEK1RUELB,0
ID_HZFVDEFPV3H7,0
ID_BS10O1RFTO3H,0
ID_3JURDC5RON20,0
ID_RT37L4DWJFG7,0
ID_SGP15CXM3QAG,0
ID_LXW6SZ4MRL8A,0
ID_C721PXJZE97N,0
ID_AU80ERVGGAK6,0
ID_4FY2285U60S6,0
ID_IOPRH1QUR5UM,0
ID_DAXXGDCJGN5U,0
ID_LB9W9ICF8MTB,0
ID_22PRWK8K22OD,0
ID_QWF73G7FXY89,0
ID_Q9116Y1U01HF,0
ID_95JYLQS0346N,0
ID_0V2QTXT9PAPB,0
ID_EQ9ZFI96DMFD,0
ID_SK2SVIC0XJ0M,0
ID_VMDWUCMYGLO4,0
ID_PK12N8L9SKN7,0
ID_6MVLN8AW37ID,0
ID_CW1AWA9FW1ZX,0
ID_IHBKEZ3NFP5A,0
ID_FWLW1IDHMB5D,0
ID_Z9H3BE4CLV1S,0
ID_31FYYTSNE6L9,0
ID_JDGGJF8DCA6H,0
ID_UP0NW0JV3RV6,0
ID_FMTY70E9UGBU,0
ID_XFKFRR7EPQQT,0
ID_5GWCF23391JM,0
ID_589XN9K4QR1Z,0
ID_KX0SUGMKUSUI,0
ID_URCTXBH88I9S,0
ID_WMH4CV39D1MD,0
ID_MFNKT1W7KKFK,0
ID_PA9Q67PPWJRX,0
ID_YXNDXRWLZ81L,0
ID_OY45BZZ6J3JY,0
ID_544ORO2RDAPE,0
ID_BPBOBRISZRGA,0
ID_SZP1S7I9GS06,0
ID_TI56B31KVAS6,0
ID_GU78NRJFSI5V,0
ID_70SILLJ67MSL,0
ID_5VWEQV5358JE,0
ID_ILXHO8FFAXLO,0
ID_06GA6THZSF1S,0
ID_IH891DEWB42G,0
ID_3EAZUM1U2NFN,0
ID_66YEL8REFVYY,0
ID_V9H4L5RA73IR,0
ID_5QCF6FVQ817O,0
ID_Q71VIO21E845,0
ID_EPSP341YZTU4,0
ID_YHGBUW5YT2SX,0
ID_QJVPR9HN5N22,0
ID_HJYKWB2MEQAB,0
ID_187LBQX5604H,0
ID_R6XF30KYXZGE,0
ID_0KJXBOB6P62M,0
ID_ACBZR09HI065,0
ID_POOQYWM2VVII,0
ID_OR0PGEVV9CQ7,0
ID_NESHXXAX3KQD,0
ID_TKJRO24TCDSI,0
ID_1HLRIPUMSW4F,0
ID_19GJ6YT50OKF,0
ID_V35QQQOG5TZ9,0
ID_FL8QZ6WIH3AA,0
ID_IRAR8CQ8FE4J,0
ID_3W0VU5FTC68P,0
ID_11SECIMIE4A4,0
ID_HQRER6PK6FCK,0
ID_0XSG75F0LHT0,0
ID_WZI5JR5EC4MO,0
ID_3DKWBJLVL1EN,0
ID_Z4D4XQT938W6,0
ID_83IOBFJX1QLO,0
ID_CKC5DFX5WGCQ,0
ID_S5E6RBH8T2A6,0
ID_N0LIU0B9878F,0
ID_L2D5APM3THHE,0
ID_K03B2NC0HEBQ,0
ID_STBS1KJJV80D,0
ID_BT0XZ7Q7EYBT,0
ID_SCNFJRGUZ5UW,0
ID_4S3JSAGD4PE8,0
ID_U9YR30HRUD52,0
ID_YR04IAUPQP5Q,0
ID_GXBFY0CALD2I,0
ID_OLLNYFNQPXNL,0
ID_K9CLHF121VAF,0
ID_RBH6V6WAGOT6,0
ID_YBSI7BT6S23V,0
ID_B5P2D272ORAK,0
ID_7LLDFU57I6LW,0
ID_7PWNDDIYDGDP,0
ID_HN5CJTNACLLG,0
ID_TCIDCB5RNR5C,0
ID_IPJSWCNP97O9,0
ID_T89G0I7L7SHD,0
ID_BK2LJSNJ2VS9,0
ID_PT9QXKRHLVN6,0
ID_C4P1HLESBH8X,0
ID_ST8QSZJFCNTX,0
ID_4JPVJ4H009VK,0
ID_1PGTOTINJX4F,0
ID_4AASV3WM7QBZ,0
ID_BGWQCUFWAJQE,0
ID_CEUP8GRT7U77,0
ID_YWFEGHL1P8F3,0
ID_H4ZE06KYH3GN,0
ID_KYJ22QXMXXB0,0
ID_OGDQKEJ73UN5,0
ID_YHDY8HJ0TAIF,0
ID_TQ63HXZGJLX6,0
ID_LNTGJHVW8PZS,0
ID_ZE1LCB91CDLY,0
ID_CRALZXFGVPKW,0
ID_YV91FRDU7IWG,0
ID_TVO668IJR7W6,0
ID_JB9UJJEH2VH1,0
ID_8O5S1EVR4J71,0
ID_IIVFCCC4GB7K,0
ID_W63GB747H23Q,0
ID_177B8F9PDOUD,0
ID_G709OODQQH8H,0
ID_P1N4WQSN24AY,0
ID_PCRC7HTG6R34,0
ID_TCXA4DUBUJPT,0
ID_ILUCP84RDECP,0
ID_1CC5HDDO4FB7,0
ID_CSMJSWCW96D7,0
ID_JI0DS2QLCMPA,0
ID_VUHTUVE9O56Y,0
ID_31VZC29EYZXO,0
ID_LRDAVJ40Y9L0,0
ID_ZGVZKU5B4EKW,0
ID_42E1PWUZXSEK,0
ID_GSI34PDTFEZN,0
ID_0HBQV54UNN2F,0
ID_QRGWFX81O1D9,0
ID_4IJLY0LJBQOI,0
ID_DRSXKXNWK4JS,0
ID_UMG8QFYZI2KQ,0
ID_3XMVRL20C1WG,0
ID_D7FLK3QNNMA3,0
ID_2J9BIRB337OD,0
ID_GO7CPPQSK933,0
ID_SPQS4LZA38C8,0
ID_U6E7307JD754,0
ID_W8MRX92KGAY4,0
ID_NJFQAMR2FG55,0
ID_RXZOUEWS14TR,0
ID_252CI46O6K5U,0
ID_B3WSB4FSMVQQ,0
ID_NQTOOVV2THGJ,0
ID_TSQY41MLQJ1M,0
ID_X3OLQC2ZZT9Z,0
ID_GUB13707Y6HU,0
ID_3X7F7ILMK7WO,0
ID_0P4WLLA1YZ4J,0
ID_XK94Q3W5EH5U,0
ID_56ZFMYFA7FJZ,0
ID_JODH9KDUNBHP,0
ID_I99HZUK5T4CN,0
ID_SGB8Y8V5JCTO,0
ID_7IH0MUBAEN96,0
ID_W6X9M7XEVHC5,0
ID_GE2CWP3WKSNY,0
ID_KS07YIQMW94D,0
ID_YJZLJWPKV5FB,0
ID_0AFYKMNQCKJZ,0
ID_BV441S9FWDTV,0
ID_805DYF59YKSV,0
ID_U2LC5CYJ4697,0
ID_1CIGSILMT29I,0
ID_PDGL5MYH3MI5,0
ID_LEHEZM1TOZ9R,0
ID_EFB9UZJETQ5F,0
ID_MM59QLV4VU1I,0
ID_KHIC69FZ4YCF,0
ID_E8ZERDYH3SLS,0
ID_MB63HHCE02J3,0
ID_IZGIGEM7AKYV,0
ID_Y5I9L7MWXVR6,0
ID_YG431BDTJ18R,0
ID_B5015YQ5WC1M,0
ID_70P30E8R1LFY,0
ID_CCC47R9ZI11X,0
ID_C1PT3TUGREO9,0
ID_ACXSBEG85YLJ,0
ID_ESD9GQUTFB2S,0
ID_ZZ3G64552PAI,0
ID_WZT34MQVSGZY,0
ID_4DTBU6NSW2BU,0
ID_SXSI3OVE83HV,0
ID_Q445C9KHOWM5,0
ID_BEP8YMHQ94PP,0
ID_BZEXAQSYLL8N,0
ID_P86EJXSEV8KC,0
ID_3M9XAKGWOZZP,0
ID_R5EDZR47W717,0
ID_3WYF5DVJE2A6,0
ID_W8LKI4BICKTO,0
ID_78CF4AQ7E6XC,0
ID_G4PVS9GCWJ4W,0
ID_AB3DZ7C4R0SE,0
ID_15IQWW6GMHR4,0
ID_YNU2NH7601Y2,0
ID_G4VXNB5LWTYG,0
ID_YDDIPB7KEU8K,0
ID_OPVCO0F5MCDW,0
ID_GXM2J0979SIM,0
ID_5CYC709YQ759,0
ID_J8T2N8ROMY0S,0
ID_WWBMC4FGBST9,0
ID_LSCG006JNZ3Y,0
ID_THICXJIBJ5JS,0
ID_UI7KKYSXHR9X,0
ID_6Y2KEAMT5LK7,0
ID_Z16C8GYOC0S1,0
ID_SAJ98GSQEF34,0
ID_B538IKL14WPC,0
ID_4D4I4E78N7QY,0
ID_MJ4KM5KUT937,0
ID_MFXEX0M7Z857,0
ID_JPIAW4002Z68,0
ID_9IS25CPCS3FO,0
ID_IG2PGNWB7VTD,0
ID_OH437JQ20V2J,0
ID_8FLCZXSXNALL,0
ID_HN85X8JQT40I,0
ID_A8J11YG46O04,0
ID_QAB9TLC40DLG,0
ID_R10NAYMZDREZ,0
ID_EKB8KT70VAKO,0
ID_1LZLLSBKPM4D,0
ID_Y9A1R2FN26DA,0
ID_XMNILCS6T776,0
ID_ENHN258EEQHL,0
ID_W47XBDKSK08A,0
ID_XWBX95DDMH2Q,0
ID_V8NQVJEU6P91,0
ID_6B7UGPAVB7JB,0
ID_4P72KTMSFUZU,0
ID_3VLQV440OU9D,0
ID_SO00F2VRKY8C,0
ID_SQFAX0XZMYQS,0
ID_JULE38ENR3JD,0
ID_1RH36VW41BSZ,0
ID_KTL9ATFBH0VM,0
ID_6C4PPTMO1BEP,0
ID_2MASCB0DZ6PJ,0
ID_MIP0KI47KXUP,0
ID_6JYNA3V0I7EQ,0
ID_FS8VWGA4U8XO,0
ID_2V1TRJATBEPI,0
ID_RZOD35Q11TWY,0
ID_ADVD9ZGY1C8O,0
ID_Y2BN5M3GWS59,0
ID_ON2SHCNTDLJK,0
ID_JPORFA6PUZL0,0
ID_BN2XA1DEI2QQ,0
ID_DC859JCDDJB7,0
ID_F08UFUIVVMR8,0
ID_KODD3CK5SV0X,0
ID_59003DPSZQ16,0
ID_B0C9XF5SIHGO,0
ID_BDKZABZHDSZA,0
